tag,seed,epoch,train_loss,stop_loss,stop_auc,stop_bal_acc_0.5,stop_acc_0.5,lr
cv_fold1,42,1,0.6915350131690502,0.6910814132009234,0.5372104379818132,0.5364071620246889,0.543903803131991,0.00045
cv_fold1,42,2,0.6733372770249844,0.6892681845596859,0.6144371920831939,0.5736216637971789,0.5425055928411633,0.00045
cv_fold1,42,3,0.623145119100809,0.8439974657126835,0.5563591889757487,0.5447501242842648,0.4941275167785235,0.00045
cv_fold1,42,4,0.5580485548824072,0.8393135475260871,0.5535075931928797,0.5551944049729961,0.5324384787472036,0.00045
cv_fold1,42,5,0.5059455268085002,0.9373701981135777,0.4912438856882775,0.475443528887456,0.4974832214765101,0.000225
cv_fold1,42,6,0.4340114828199148,1.1393784071717943,0.5010267844443511,0.5041423572966038,0.4988814317673378,0.000225
cv_fold1,42,7,0.3884327422827482,1.3728835412434168,0.47320945996285696,0.4906302532960729,0.48825503355704697,0.000225
cv_fold1,42,8,0.3631142873317003,1.4247111805847712,0.46446604499699956,0.4766931445205878,0.4879753914988814,0.0001125
cv_fold1,1337,1,0.6938629262149334,0.6776680861200605,0.5306433522480212,0.5012797554139852,0.5791387024608501,0.00045
cv_fold1,1337,2,0.6820005171000958,0.715060796056475,0.5651449350944899,0.5370854764185,0.5195749440715883,0.00045
cv_fold1,1337,3,0.6350201375782489,0.775896715266364,0.5830980850063734,0.560678151842184,0.5232102908277405,0.00045
cv_fold1,1337,4,0.5666635360568761,0.914769491979054,0.5695944472364192,0.5571416380056541,0.49328859060402686,0.00045
cv_fold1,1337,5,0.5108152389526367,1.0424685925245285,0.5029462482407172,0.4928135248372113,0.5271252796420581,0.00045
cv_fold1,1337,6,0.4406944017857313,1.2899872554200036,0.48323279966731103,0.471333681916267,0.5041946308724832,0.000225
cv_fold1,1337,7,0.38734056763350966,1.2429215077842986,0.507116713422836,0.4910769316213035,0.5276845637583892,0.000225
cv_fold1,1337,8,0.35433258190751077,1.3873406989233834,0.4776442408635826,0.4779112657759741,0.5162192393736018,0.000225
cv_fold1,1337,9,0.3255111386999488,1.4839464255741663,0.46649658573853303,0.4827478539798734,0.5251677852348994,0.0001125
cv_fold1,2026,1,0.6928838282823563,0.6895871801035744,0.5380423297982869,0.5302396823741207,0.5304809843400448,0.00045
cv_fold1,2026,2,0.6748935095965862,0.7091010170323508,0.5793055523572017,0.5648885776326252,0.5251677852348994,0.00045
cv_fold1,2026,3,0.634056082367897,0.7993204253060477,0.5738052116760833,0.5607316584194293,0.5036353467561522,0.00045
cv_fold1,2026,4,0.5679942734539509,1.0917274739061082,0.47854826496457054,0.5117907499996613,0.47063758389261745,0.00045
cv_fold1,2026,5,0.5003335237503052,1.1144229982580458,0.5132824998272889,0.52609326128684,0.4963646532438479,0.000225
cv_fold1,2026,6,0.4313434772193432,1.3022101649216242,0.47799897592474944,0.48595350752546307,0.4837807606263982,0.000225
cv_fold1,2026,7,0.38643933944404124,1.41897771188191,0.477755995107196,0.48735856315198445,0.47511185682326623,0.000225
cv_fold1,2026,8,0.35717103630304337,1.5547629722527094,0.45423579061724917,0.46321219624857934,0.47119686800894856,0.0001125
cv_fold1,777,1,0.6934866726398468,0.6807382617677961,0.5232399722578556,0.48988048391619377,0.5492170022371364,0.00045
cv_fold1,777,2,0.6753434486687183,0.7046013006142208,0.5471792551613528,0.512381015595474,0.511744966442953,0.00045
cv_fold1,777,3,0.6368493229150772,0.7442517919199807,0.5317846001297704,0.5123410549871517,0.5106263982102909,0.00045
cv_fold1,777,4,0.5823334798216819,0.8314788596970695,0.5035720720049524,0.5171319255459363,0.5030760626398211,0.00045
cv_fold1,777,5,0.515393053740263,1.0990403102976936,0.43711283927572414,0.4581300873579536,0.4401565995525727,0.000225
cv_fold1,777,6,0.45124107152223586,1.072807028889656,0.45579103717420255,0.450533507986026,0.46868008948545864,0.000225
cv_fold1,777,7,0.4197587203234434,1.1502342224121094,0.48167975433030763,0.4816560488846926,0.4524608501118568,0.000225
cv_fold1,777,8,0.3952744610607624,1.3526420550686973,0.4651248870604841,0.48016362175861893,0.4633668903803132,0.0001125
cv_fold1,31415,1,0.6915727384388447,0.6878175054277692,0.5057230025452876,0.4702869171677546,0.5111856823266219,0.00045
cv_fold1,31415,2,0.6698524199426175,0.673780300787517,0.5574135733317801,0.49855329051904085,0.5274049217002237,0.00045
cv_fold1,31415,3,0.6222850784659386,0.7737672882420676,0.5112644891070091,0.5053103584669756,0.5069910514541387,0.00045
cv_fold1,31415,4,0.5659775778651237,0.8069229423999786,0.5324385317795204,0.5428709597454442,0.5363534675615212,0.00045
cv_fold1,31415,5,0.5184755112975836,0.9175317968641009,0.48892752500247216,0.4925707133442694,0.5285234899328859,0.000225
cv_fold1,31415,6,0.46541745588183403,1.0276484744889396,0.4798481700073283,0.4833120435855096,0.5128635346756152,0.000225
cv_fold1,31415,7,0.4377494264394045,1.0289746948650904,0.48446531351467775,0.47973353724531886,0.5332774049217002,0.000225
cv_fold1,31415,8,0.4083422772586346,1.1251706438405173,0.5128686704766962,0.5000057570367922,0.5153803131991052,0.0001125
cv_fold1,123,1,0.6928532496094704,0.6926257652895791,0.5280928156244624,0.5108306794522552,0.5385906040268457,0.00045
cv_fold1,123,2,0.6802039995789528,0.6959517853600639,0.5636782453093696,0.555537456635967,0.5713087248322147,0.00045
cv_fold1,123,3,0.6472371317446232,0.7055233504090991,0.5739061291445585,0.5809906708912029,0.6129753914988815,0.00045
cv_fold1,123,4,0.598405585438013,0.8054671266249248,0.4981811150228859,0.49205359598064013,0.5690715883668904,0.00045
cv_fold1,123,5,0.5344041120260954,0.9725492383752551,0.5140884849781978,0.5173374856243405,0.5240492170022372,0.00045
cv_fold1,123,6,0.46234594434499743,1.194875282900674,0.4996388306035948,0.5102637806528344,0.5274049217002237,0.000225
cv_fold1,123,7,0.40029324889183043,1.3041791745594569,0.4973575201123773,0.506605691745222,0.5139821029082774,0.000225
cv_fold1,123,8,0.3644762232899666,1.3667390452963966,0.5213120422309128,0.5249425312268449,0.5343959731543624,0.000225
cv_fold1,123,9,0.3313047580420971,1.377694091626576,0.5162934300696127,0.5100829419677145,0.5480984340044742,0.0001125
cv_fold1,999,1,0.6914107143878937,0.6829895802906581,0.5387023571340523,0.5308834545471786,0.552013422818792,0.00045
cv_fold1,999,2,0.6751011721789837,0.6990079794611249,0.5669976849939111,0.5516162372820284,0.5212527964205816,0.00045
cv_fold1,999,3,0.6364984683692455,0.7636435031890869,0.5395491495163411,0.5696482924628874,0.5237695749440716,0.00045
cv_fold1,999,4,0.5645098336040973,0.8715284849916186,0.49006335449665217,0.5184557053589207,0.4804250559284116,0.00045
cv_fold1,999,5,0.4959136307239532,1.1004503284181868,0.45733747885135606,0.46061103156617134,0.4697986577181208,0.000225
cv_fold1,999,6,0.4479242395609617,1.1664358654192515,0.4581118002999078,0.4671503480636715,0.4608501118568233,0.000225
cv_fold1,999,7,0.410514734312892,1.2442688473633357,0.44091874856920704,0.4544195078207652,0.48965324384787473,0.000225
cv_fold1,999,8,0.3853156868368387,1.3107784603323256,0.4560597553327093,0.4710183994895879,0.4988814317673378,0.0001125
cv_fold1,5555,1,0.6900415740907192,0.6966565889971597,0.5219376966705362,0.5125229096199407,0.5332774049217002,0.00045
cv_fold1,5555,2,0.6672604337334633,0.6994236324514661,0.5435360668195555,0.5139025665547319,0.5461409395973155,0.00045
cv_fold1,5555,3,0.6274862349033355,0.8009007147380284,0.5901433434431415,0.5454961685226902,0.5044742729306487,0.00045
cv_fold1,5555,4,0.5716779425740242,0.8985580950975418,0.5504296104043878,0.5443129281372803,0.5369127516778524,0.00045
cv_fold1,5555,5,0.4955570165067911,0.9903727471828461,0.5083566775531103,0.4781100528699167,0.4784675615212528,0.00045
cv_fold1,5555,6,0.44235270358622075,1.1417616137436457,0.5133719032221795,0.49756748263068135,0.5103467561521253,0.000225
cv_fold1,5555,7,0.37954034060239794,1.228022771222251,0.5024531749719259,0.49721359419257216,0.5156599552572707,0.000225
cv_fold1,5555,8,0.3456880584359169,1.3406414091587067,0.5223213862402757,0.5242333997537343,0.5332774049217002,0.000225
cv_fold1,5555,9,0.3272884596139193,1.3373189568519592,0.5306320074990484,0.5323877343960597,0.540268456375839,0.0001125
cv_fold1,8080,1,0.6929351180791855,0.6949810811451503,0.5166180253499263,0.4955542129995245,0.4949664429530201,0.00045
cv_fold1,8080,2,0.6734273262321949,0.6965056998389108,0.5449888719865299,0.519177705502508,0.5240492170022372,0.00045
cv_fold1,8080,3,0.6369885906577111,0.7220264651945659,0.5766657816633638,0.5604868150311489,0.5564876957494407,0.00045
cv_fold1,8080,4,0.584941279888153,0.7693922349384853,0.578583382889003,0.5650514679089224,0.5215324384787472,0.00045
cv_fold1,8080,5,0.5278388224542141,0.8738895952701569,0.5294425021030117,0.5393219158876605,0.5704697986577181,0.00045
cv_fold1,8080,6,0.45745640955865385,0.9324100123984473,0.5652301053740922,0.5555198468763674,0.5567673378076062,0.00045
cv_fold1,8080,7,0.4061085682362318,1.1598710013287408,0.5404924569272054,0.5280736819433589,0.537751677852349,0.000225
cv_fold1,8080,8,0.3492903605103493,1.2021117891584123,0.5466130336603782,0.5447182912572962,0.5634787472035794,0.000225
cv_fold1,8080,9,0.3219303127378225,1.351073865379606,0.516793445647477,0.5145747852625276,0.5380313199105146,0.000225
cv_fold1,8080,10,0.3024377657100558,1.3548609231199538,0.5283026088181548,0.5278278226074093,0.5472595078299777,0.0001125
cv_fold1,2718,1,0.6929592795670032,0.6872443684509822,0.5035658069943256,0.5043563836055848,0.5587248322147651,0.00045
cv_fold1,2718,2,0.6779708959162235,0.6936732658318111,0.5639251205929883,0.5195227890608174,0.5114653243847874,0.00045
cv_fold1,2718,3,0.6413922891020775,0.8563858015196664,0.5310456675250296,0.5415360045080985,0.4966442953020134,0.00045
cv_fold1,2718,4,0.5864769324660302,0.8024702285017286,0.5431970789472615,0.5438980828390183,0.5662751677852349,0.00045
cv_fold1,2718,5,0.5154624707996845,0.9257490996803556,0.513817226950518,0.512939109515095,0.5156599552572707,0.000225
cv_fold1,2718,6,0.44641010612249377,1.135869881936482,0.47142579450494226,0.4571198967255329,0.4879753914988814,0.000225
cv_fold1,2718,7,0.4190174639225006,1.2444961326462882,0.47255485101466077,0.4639450331673049,0.47063758389261745,0.000225
cv_fold1,2718,8,0.39257418662309645,1.255562275648117,0.4771100217141882,0.4728322047283559,0.47706935123042504,0.0001125
cv_fold2,42,1,0.6893690884488184,0.6928903375353131,0.5263790757753855,0.5467460334924361,0.575321408608161,0.00045
cv_fold2,42,2,0.6684313352752782,0.7018919097525733,0.5170188183671984,0.517128962749436,0.5517048630519843,0.00045
cv_fold2,42,3,0.6303424096707279,0.8273210600018501,0.48352029667165686,0.487352861734826,0.5048910005589715,0.00045
cv_fold2,42,4,0.5651180882873775,0.9837457005466733,0.5277494524417676,0.5304475263377263,0.5349357182783678,0.00045
cv_fold2,42,5,0.4990105381551779,1.1143064115728651,0.558457649787292,0.547553799263818,0.5444382336500838,0.00045
cv_fold2,42,6,0.44209514961302654,1.1753693829689706,0.5471426419320994,0.5375560908150708,0.5419228619340414,0.00045
cv_fold2,42,7,0.39194402942117657,1.231419628219945,0.5826145334323465,0.5487718357308375,0.5619060927892677,0.00045
cv_fold2,42,8,0.34941549571055286,1.4113016836345196,0.587036066663104,0.5693657319829704,0.5644214645053103,0.00045
cv_fold2,42,9,0.3149906080099022,1.4594690389931202,0.5809949314239384,0.5534213150376783,0.5581330352152041,0.00045
cv_fold2,42,10,0.29124903285278464,1.5649240506546838,0.5646550747865444,0.5361864798798495,0.5374510899944103,0.00045
cv_fold2,42,11,0.26861711961668244,1.5192390557910715,0.5876244706077318,0.562736192799177,0.5803521520402459,0.00045
cv_fold2,42,12,0.2497687690288016,1.6474947152393205,0.5765480484615937,0.5380864200963966,0.5392677473448854,0.00045
cv_fold2,42,13,0.23149274373954198,1.6621136495045252,0.593598584219506,0.5644603775634967,0.5633035215204024,0.00045
cv_fold2,42,14,0.21958805339516335,1.6306121264185225,0.5920281099103103,0.5512339032227045,0.5519843487982113,0.00045
cv_fold2,42,15,0.20622360678213947,1.5945906011121613,0.6024710708782526,0.5809729267284749,0.585103409726104,0.00045
cv_fold2,42,16,0.19575288971452592,1.6526557404015745,0.5992433125272086,0.5761849709864464,0.5751816657350475,0.00045
cv_fold2,42,17,0.1860975515355104,1.7493991149323327,0.5716824314592023,0.5506462650092375,0.5529625489100056,0.00045
cv_fold2,42,18,0.18279118620374668,1.8084438432540213,0.5727495382842608,0.5486274752562036,0.551006148686417,0.000225
cv_fold2,42,19,0.15646402650284316,1.8040383905172348,0.5878086491027283,0.5611941311462116,0.557853549468977,0.000225
cv_fold2,42,20,0.14905410377109576,1.8830902661596025,0.5824358359603957,0.5652557707313852,0.5635830072666294,0.000225
cv_fold2,42,21,0.14953197290500006,1.8066561285938536,0.5916429471364193,0.5669114024059918,0.5634432643935159,0.0001125
cv_fold2,1337,1,0.6907060453726811,0.7062175923160144,0.4907562546331773,0.49538505919867604,0.5018166573504751,0.00045
cv_fold2,1337,2,0.6773895156458489,0.7251457508121218,0.46991627656694185,0.47334030390499515,0.5213806595863612,0.00045
cv_fold2,1337,3,0.6339315974487448,0.8009663947990963,0.5212703592802546,0.5175177123692907,0.5259921743991056,0.00045
cv_fold2,1337,4,0.5710443464465111,0.9396136786256518,0.5078852173826133,0.5128135034352715,0.5244550027948575,0.00045
cv_fold2,1337,5,0.5069993522557072,1.068208176110472,0.5192435898024921,0.5197409523422628,0.5283678032420347,0.00045
cv_fold2,1337,6,0.44712631188848484,1.1962320325630051,0.5348460473320193,0.5173632361830058,0.5211011738401341,0.00045
cv_fold2,1337,7,0.3974177378153651,1.4480730486767632,0.5374974116271682,0.5337845021332868,0.5368921185019564,0.00045
cv_fold2,1337,8,0.34889830864450466,1.5253710501960345,0.5473514044275221,0.5388544484506961,0.5368921185019564,0.00045
cv_fold2,1337,9,0.3207591434694686,1.4257617630064487,0.562087618505965,0.5447236165917984,0.551006148686417,0.00045
cv_fold2,1337,10,0.29101853156989477,1.504501387476921,0.5657387858873006,0.5466726039042777,0.5524035774175517,0.00045
cv_fold2,1337,11,0.26348353941110697,1.5753246444676603,0.5850252566347985,0.5638128511129257,0.5662381218557854,0.00045
cv_fold2,1337,12,0.24721412922976152,1.5807050445250102,0.5787732229132878,0.5568047586242084,0.5633035215204024,0.00045
cv_fold2,1337,13,0.23298376770514362,1.7118604449289185,0.576408765993605,0.5419492919928782,0.5503074343208496,0.00045
cv_fold2,1337,14,0.22149357677630657,1.7229292201144355,0.5629331872157072,0.5451228043364242,0.5408049189491336,0.000225
cv_fold2,1337,15,0.1936796006729018,1.8555115791303771,0.5661799276392114,0.5453902460197495,0.548630519843488,0.000225
cv_fold2,1337,16,0.18584035857106154,1.7240118895258223,0.5895046227190178,0.5602357984476292,0.5591112353269984,0.000225
cv_fold2,1337,17,0.1793663134833552,1.7894579938479833,0.5852054049657908,0.5537438893645825,0.5542202347680268,0.000225
cv_fold2,1337,18,0.17415121713149473,1.7947945126465388,0.5777988904636083,0.55102356896332,0.5543599776411403,0.000225
cv_fold2,1337,19,0.16680076648041886,1.8140552810260229,0.5762313984757759,0.5531512940493903,0.5539407490217999,0.0001125
cv_fold2,1337,20,0.1557191050371284,1.8416665324143,0.5762273683117716,0.5489425131764196,0.5494689770821688,0.0001125
cv_fold2,1337,21,0.15636855743403705,1.7880882620811462,0.586398696225824,0.5584096908356408,0.563163778647289,0.0001125
cv_fold2,1337,22,0.15259969239152452,1.7872555490050996,0.592228449362964,0.5594545511553957,0.5581330352152041,0.0001125
cv_fold2,1337,23,0.15060219154605325,1.8095088047640664,0.5962362459570402,0.563813052621126,0.5577138065958636,0.0001125
cv_fold2,1337,24,0.14856467686546673,1.8038915800196784,0.5855459135225141,0.5501499100104679,0.5599496925656792,0.0001125
cv_fold2,1337,25,0.14897987148109473,1.7864471056631632,0.5934873919946273,0.5640297948412772,0.565539407490218,0.0001125
cv_fold2,1337,26,0.1448226033141778,1.7491958237120084,0.5923697469129549,0.5608423381302763,0.5672163219675797,5.625e-05
cv_fold2,1337,27,0.1384901075899226,1.863439821771213,0.5815956273687793,0.5577531771193404,0.5595304639463388,5.625e-05
cv_fold2,1337,28,0.13741814167057192,1.8208110566650118,0.594209718289118,0.5616386582358859,0.5634432643935159,5.625e-05
cv_fold2,1337,29,0.13607803324483475,1.8164430558681488,0.5964036186681388,0.5697803149540928,0.5709893795416434,5.625e-05
cv_fold2,1337,30,0.13307022800048193,1.844404052410807,0.5896336685704355,0.5586025744848866,0.5606484069312465,5.625e-05
cv_fold2,1337,31,0.13447913897674788,1.863864652812481,0.5903524483206024,0.5611898994740072,0.5610676355505869,5.625e-05
cv_fold2,1337,32,0.13159594703582847,1.8568145632743835,0.5912490792082792,0.5608640204126195,0.5641419787590833,2.8125e-05
cv_fold2,2026,1,0.6910572040755794,0.6993976277964455,0.5186016249782472,0.5214211680172955,0.5430408049189491,0.00045
cv_fold2,2026,2,0.6742335246793879,0.7865327447652817,0.41996247433692313,0.46209243858211413,0.48896031302403575,0.00045
cv_fold2,2026,3,0.6280567945924195,0.9334384479693004,0.4485351683798491,0.4847617080899014,0.49063722750139743,0.00045
cv_fold2,2026,4,0.570551853134947,0.9075053344879832,0.5013437775839538,0.51814500739656,0.5350754611514813,0.000225
cv_fold2,2026,5,0.5028043141904867,1.0994406629885947,0.5064684535285415,0.5170439665905853,0.5258524315259921,0.000225
cv_fold2,2026,6,0.4608300896185749,1.1880406854408128,0.5125879754575909,0.5175917464820496,0.5233370598099497,0.000225
cv_fold2,2026,7,0.4290970756947619,1.247951096722058,0.5374909230631213,0.5335986309694084,0.524035774175517,0.000225
cv_fold2,2026,8,0.3952247044950161,1.3229007465498788,0.5316421072502409,0.5265087664530438,0.5346562325321409,0.000225
cv_fold2,2026,9,0.37184110452544017,1.3107532103146826,0.5333533148864666,0.5292920783176935,0.5419228619340414,0.000225
cv_fold2,2026,10,0.35195749960605455,1.3420197814702988,0.5464115298800792,0.5365762773423455,0.5377305757406372,0.000225
cv_fold2,2026,11,0.32506056289252994,1.5418122389486857,0.5320434712834291,0.5266410364356648,0.5296254891000559,0.000225
cv_fold2,2026,12,0.31009248695658437,1.5887495066438402,0.5315377260025295,0.5265547103226929,0.5248742314141979,0.000225
cv_fold2,2026,13,0.29127612297639904,1.4867157095244952,0.5368984486528492,0.5320364587980616,0.543599776411403,0.0001125
cv_fold2,2026,14,0.26919253714054636,1.6154996156692505,0.5488487715616797,0.5415804513832048,0.5424818334264953,0.0001125
cv_fold2,2026,15,0.26062413262871076,1.685721330344677,0.5376914640239753,0.5371389285389858,0.5389882615986584,0.0001125
cv_fold2,2026,16,0.25266947236450965,1.6383047997951508,0.5539592210273323,0.5523891497345371,0.5535215204024595,0.0001125
cv_fold2,2026,17,0.24407981795334965,1.689980797469616,0.551421749166945,0.5529060585697287,0.5560368921185019,0.0001125
cv_fold2,2026,18,0.2386716160946672,1.7554708788437503,0.5381062485032978,0.5377199572834857,0.5363331470095025,0.0001125
cv_fold2,2026,19,0.23266071268597488,1.7477954599474157,0.553133118009731,0.5422944755398464,0.5392677473448854,5.625e-05
cv_fold2,2026,20,0.22158980669465456,1.7689649345619338,0.5538834539440516,0.5434480696844374,0.5403856903297932,5.625e-05
cv_fold2,2026,21,0.22038468774759545,1.7669751346111298,0.5564662248478471,0.5490198520236622,0.5476523197316937,5.625e-05
cv_fold2,2026,22,0.21658210090871127,1.7583838126489095,0.5505633645356691,0.5488062130297943,0.5491894913359419,5.625e-05
cv_fold2,2026,23,0.21567566683457332,1.7787187440054757,0.551156604677102,0.5499623864793479,0.5466741196198994,5.625e-05
cv_fold2,2026,24,0.2105011096540487,1.7989459687045641,0.5556832445850919,0.5482560553415673,0.5468138624930129,2.8125e-05
cv_fold2,2026,25,0.2067530833700168,1.78469102616821,0.5547106854075742,0.55258864285275,0.5526830631637787,2.8125e-05
cv_fold2,2026,26,0.2031270534549869,1.7910467125475407,0.5574395497565257,0.5524381968304695,0.5531022917831191,2.8125e-05
cv_fold2,2026,27,0.20434809377733268,1.7870225980877876,0.5564664263560474,0.5469885687622149,0.5468138624930129,2.8125e-05
cv_fold2,2026,28,0.19992440179833826,1.8299146741628647,0.5517980052783864,0.5497537045872052,0.5494689770821688,2.8125e-05
cv_fold2,2026,29,0.19575925546247255,1.8290279262832232,0.55810904060092,0.5491702980459428,0.5472330911123533,2.8125e-05
cv_fold2,2026,30,0.1945438583691915,1.883767157793045,0.5523677092620343,0.5448393629020019,0.5417831190609279,2.8125e-05
cv_fold2,2026,31,0.20026452005284387,1.8396011761256628,0.5547964472975856,0.5447919681733112,0.5426215762996087,2.8125e-05
cv_fold2,2026,32,0.1954793080968677,1.8500869199633598,0.5552612864138415,0.5466777625142033,0.5451369480156512,1.40625e-05
cv_fold2,777,1,0.6902209745263154,0.6978802468095507,0.5007362303603056,0.5021993411004266,0.5113191727221912,0.00045
cv_fold2,777,2,0.6664550255679484,0.7122121900320053,0.5275395615004236,0.5047205713998767,0.494969256567915,0.00045
cv_fold2,777,3,0.6248213963688545,0.8392250175986972,0.47126618000018217,0.49032873483560113,0.48812185578535494,0.00045
cv_fold2,777,4,0.5590323667106388,1.0080518988626344,0.48007764997590363,0.49053576436050206,0.4849077697037451,0.00045
cv_fold2,777,5,0.4902586057875891,1.138229380760874,0.5221484917151515,0.5134781580828607,0.5001397428731135,0.000225
cv_fold2,777,6,0.41982646183397787,1.364314324089459,0.5027701332283556,0.4935887748003195,0.4748462828395752,0.000225
cv_fold2,777,7,0.37720892470587725,1.391499555536679,0.5223281161248232,0.5086699709175305,0.5022358859698155,0.000225
cv_fold2,777,8,0.3525412084546479,1.427132167986461,0.5180367974930445,0.5000951521721415,0.5005589714924539,0.0001125
cv_fold2,31415,1,0.6913947384312468,0.682763152888843,0.5092784047772597,0.5273067792275352,0.5999161542761319,0.00045
cv_fold2,31415,2,0.6758771699929388,0.7048201646123614,0.49912843673243007,0.5067952595276503,0.5582727780883175,0.00045
cv_fold2,31415,3,0.6385400572662834,0.8019635592188153,0.5134239523770028,0.5203877533633129,0.5209614309670206,0.00045
cv_fold2,31415,4,0.5834632054814752,0.8335454879062516,0.5373023919910002,0.5351397656846527,0.5505869200670765,0.00045
cv_fold2,31415,5,0.5212706237469079,0.9172142978225436,0.5602820244287585,0.5548352174753071,0.5524035774175517,0.00045
cv_fold2,31415,6,0.45563167933398074,1.0376811442630631,0.575388086657876,0.5579791081134213,0.5653996646171046,0.00045
cv_fold2,31415,7,0.40645157353683087,1.1705548401389803,0.5805992902236362,0.5622894894209404,0.5613471212968139,0.00045
cv_fold2,31415,8,0.3577887807627144,1.2689846605062485,0.5811764903123321,0.5589394961956461,0.5475125768585802,0.00045
cv_fold2,31415,9,0.3237609628049083,1.3304173733506883,0.591816123283684,0.5829810768485375,0.580072666294019,0.00045
cv_fold2,31415,10,0.29412460205315044,1.4415496353592192,0.5891108756957977,0.5884983310687841,0.5735047512576859,0.00045
cv_fold2,31415,11,0.27408330826639377,1.4788112384932381,0.5823894890743463,0.5762663399976931,0.5786752375628843,0.00045
cv_fold2,31415,12,0.25410873306997167,1.630238832107612,0.5763660462551595,0.5631449723341332,0.5511458915595304,0.000225
cv_fold2,31415,13,0.21743229612614373,1.692209392786026,0.5759435641625887,0.5762092325737522,0.5684740078256009,0.000225
cv_fold2,31415,14,0.20806181880663027,1.7283466458320618,0.5832960744671136,0.5794789852337209,0.5662381218557854,0.000225
cv_fold2,31415,15,0.20291301542483037,1.745672614446708,0.5808283647456407,0.5805960257907927,0.5666573504751258,0.0001125
cv_fold2,123,1,0.6886924925090382,0.7135887071490288,0.47123607467507,0.4625399479931516,0.47386808272778086,0.00045
cv_fold2,123,2,0.6671654994382799,0.7789694432701383,0.4558936030254602,0.4853796128350406,0.5102012297372834,0.00045
cv_fold2,123,3,0.6303717610221239,0.8465295221124377,0.5022636222162952,0.5123307703908364,0.5177473448854109,0.00045
cv_fold2,123,4,0.5717435074302385,1.043759205511638,0.5088979169936136,0.5178869559953647,0.5167691447736166,0.00045
cv_fold2,123,5,0.5122248397308325,1.0842674300074577,0.5550466801806127,0.535048160056835,0.5230575740637228,0.00045
cv_fold2,123,6,0.44854470806301766,1.1591822441135133,0.5719204932469363,0.5533899200600849,0.5501676914477361,0.00045
cv_fold2,123,7,0.39593967720397616,1.2629823886922427,0.5719459638834434,0.551790146458578,0.5430408049189491,0.00045
cv_fold2,123,8,0.3486934582579811,1.2948336835418428,0.5766633111521167,0.5586407804396474,0.5617663499161543,0.00045
cv_fold2,123,9,0.320036585413435,1.2478577670242106,0.5915550089578455,0.5794227241442209,0.5905533817775294,0.00045
cv_fold2,123,10,0.2982028131402514,1.5317568071186543,0.5866374834430788,0.5539327428498241,0.5463946338736725,0.00045
cv_fold2,123,11,0.2744974117234068,1.4387205115386419,0.5888478671928771,0.5671156511177298,0.5723868082727781,0.00045
cv_fold2,123,12,0.2525387694063427,1.6640369413154465,0.5863616187169843,0.5687217117750833,0.5596702068194522,0.000225
cv_fold2,123,13,0.2179810638135334,1.6559349431523256,0.5888807130295122,0.5777599590793268,0.5760201229737283,0.000225
cv_fold2,123,14,0.20648098947866908,1.7658403909632139,0.5848946390194192,0.5673776117780092,0.5659586361095584,0.000225
cv_fold2,123,15,0.19827215111105698,1.8087559225303786,0.5885948131950471,0.5690400544297829,0.5589714924538849,0.0001125
cv_fold2,999,1,0.6893922502889573,0.683908720101629,0.5338557957345228,0.524404899937879,0.5454164337618781,0.00045
cv_fold2,999,2,0.670094147793152,0.7175671415669578,0.5279697009046025,0.5079342644785455,0.5085243152599217,0.00045
cv_fold2,999,3,0.6254291373228876,0.7952639449919973,0.546559396597397,0.5411248816441586,0.5469536053661264,0.00045
cv_fold2,999,4,0.5689703827759005,0.8407876299960273,0.5727369641725675,0.5504092913657848,0.5571548351034097,0.00045
cv_fold2,999,5,0.501685751121749,1.0285534645829881,0.5526546166375004,0.5478978543648652,0.5459754052543321,0.00045
cv_fold2,999,6,0.45286214295423255,1.1018691839916366,0.5794115605899289,0.5731882216361288,0.5609278926774734,0.00045
cv_fold2,999,7,0.3973691298526788,1.177799295101847,0.5862222556457157,0.5638597219202958,0.5524035774175517,0.00045
cv_fold2,999,8,0.36354917006672555,1.1893344659890448,0.6093053423934645,0.5800232588825016,0.5714086081609838,0.00045
cv_fold2,999,9,0.3282670439601694,1.413070844752448,0.5965858626844133,0.5677510870762876,0.5535215204024595,0.00045
cv_fold2,999,10,0.3005218487115776,1.4672007518155235,0.5861565236708055,0.5555940570556767,0.5519843487982113,0.00045
cv_fold2,999,11,0.27774158307591323,1.4810858134712492,0.6009232863924011,0.561720228755333,0.558412520961431,0.000225
cv_fold2,999,12,0.23955822975005744,1.5495406495673316,0.6077769832981137,0.5755617061231812,0.5714086081609838,0.000225
cv_fold2,999,13,0.22581828043520827,1.6299236054931368,0.6188932234646143,0.5744672747861737,0.5638624930128563,0.000225
cv_fold2,999,14,0.21896343017524145,1.6095720689211572,0.6219787573279465,0.5840782889987082,0.5754611514812744,0.000225
cv_fold2,999,15,0.20713726154663278,1.6359534135886602,0.6155696681151882,0.5807754889939043,0.5693124650642817,0.000225
cv_fold2,999,16,0.19997925278525683,1.6164709712777818,0.6128530957664498,0.5794573029513778,0.5693124650642817,0.000225
cv_fold2,999,17,0.1968182031088655,1.6592912578157015,0.6155782120628773,0.5750249688810887,0.5638624930128563,0.0001125
cv_fold2,999,18,0.17891790900590285,1.7127416687352317,0.6141805108845461,0.5805767213052122,0.5746226942425936,0.0001125
cv_fold2,999,19,0.1751707711216039,1.7544436848589353,0.6103037349222497,0.5791373079294364,0.5695919508105086,0.0001125
cv_fold2,999,20,0.17042394643122294,1.747244730591774,0.6070632412529522,0.582251455957199,0.575041922861934,5.625e-05
cv_fold2,5555,1,0.6889000497524094,0.6888181609766824,0.5149703263054528,0.5355015938089588,0.5737842370039128,0.00045
cv_fold2,5555,2,0.6714031531375909,0.7001254558563232,0.5021445308699681,0.53501535452184,0.5747624371157071,0.00045
cv_fold2,5555,3,0.6418163547725797,0.7649837349142347,0.4753819446879335,0.5107625126718431,0.548630519843488,0.00045
cv_fold2,5555,4,0.5902109082389928,0.8673384445054191,0.5200219756782826,0.5275852232585924,0.529066517607602,0.00045
cv_fold2,5555,5,0.5296354471887432,0.9874911851116589,0.5367382093320382,0.546104794097712,0.558412520961431,0.00045
cv_fold2,5555,6,0.46611484978933754,1.1328855795519692,0.5313294471267873,0.5245667916259318,0.5178870877585243,0.00045
cv_fold2,5555,7,0.4154164159447892,1.2947218013661248,0.553561564745028,0.5487529342616574,0.5528228060368922,0.00045
cv_fold2,5555,8,0.36803723562438534,1.3677347345011575,0.5511970272220652,0.5411741302482911,0.5380100614868641,0.00045
cv_fold2,5555,9,0.33066605396990506,1.366286963224411,0.5564498220803498,0.5572454570580786,0.5550586920067077,0.00045
cv_fold2,5555,10,0.30123511650277385,1.539440430700779,0.5690677013548525,0.5544951925382642,0.5561766349916154,0.00045
cv_fold2,5555,11,0.2740487786209058,1.5771396245275224,0.5739160692553056,0.5510808778954612,0.5560368921185019,0.00045
cv_fold2,5555,12,0.25503668957536324,1.6047250117574419,0.5487473726353315,0.5431194098098866,0.5556176634991615,0.00045
cv_fold2,5555,13,0.23393990211891677,1.7235231740134103,0.5523480017600532,0.5406878909611723,0.5389882615986584,0.00045
cv_fold2,5555,14,0.22172040750020705,1.6296159678271838,0.5582033867402607,0.5510334831667707,0.5568753493571827,0.000225
cv_fold2,5555,15,0.18938648241495937,1.8111946369920457,0.5539497904435622,0.5395465888167946,0.5452766908887646,0.000225
cv_fold2,5555,16,0.1792330711423976,1.9025119308914458,0.5519369250316146,0.5290272159393309,0.5304639463387367,0.000225
cv_fold2,5555,17,0.1752007060549544,1.8905152465615953,0.5472907101576173,0.5357551717281093,0.5352152040245948,0.0001125
cv_fold2,8080,1,0.6876770351667824,0.7121960371732712,0.4760158491841699,0.4828292444498395,0.49343208496366686,0.00045
cv_fold2,8080,2,0.6641871737983992,0.7790900447538921,0.4942292484638829,0.5182291572209697,0.526411403018446,0.00045
cv_fold2,8080,3,0.6157801582378412,0.8124341858284814,0.5194389318517806,0.5231899666971428,0.5373113471212968,0.00045
cv_fold2,8080,4,0.5516809103249004,0.9287198143345969,0.550146282862864,0.5333567002242303,0.5269703745108999,0.00045
cv_fold2,8080,5,0.47956303511775517,1.0480936201555389,0.5529627629772691,0.5335179873876823,0.5250139742873113,0.00045
cv_fold2,8080,6,0.4170115554482682,1.1384929471782275,0.5931463595165835,0.5686410681933574,0.5606484069312465,0.00045
cv_fold2,8080,7,0.37353191848071116,1.2494622011269843,0.5831495780055572,0.5552408131806997,0.5524035774175517,0.00045
cv_fold2,8080,8,0.33673368066361864,1.2693371240581786,0.6007758226914839,0.5856686723180851,0.5930687534935718,0.00045
cv_fold2,8080,9,0.3028079111995937,1.363711389047759,0.5907066997365804,0.573968138974241,0.5830072666294019,0.00045
cv_fold2,8080,10,0.2761230351602506,1.5168537071772985,0.5955811830997813,0.5640588120221082,0.5686137506987143,0.00045
cv_fold2,8080,11,0.25976611420793355,1.3963095833148276,0.6032576782886118,0.5736773626413307,0.5778367803242035,0.00045
cv_fold2,8080,12,0.24133496464423412,1.462164921419961,0.5969681237402211,0.5670923164681448,0.575041922861934,0.00045
cv_fold2,8080,13,0.2275857778277787,1.520956318293299,0.5991596866241193,0.5740339112507912,0.5782560089435439,0.00045
cv_fold2,8080,14,0.21712339964677702,1.5301106838243348,0.6230696421206304,0.58416441360348,0.5887367244270543,0.00045
cv_fold2,8080,15,0.20250786897146478,1.494322167975562,0.6287381080943185,0.5962771521216839,0.6004751257685857,0.00045
cv_fold2,8080,16,0.1920496439502674,1.4940880286906446,0.6179733385306329,0.587657517952567,0.5960033538289548,0.00045
cv_fold2,8080,17,0.18915810585959153,1.5302018682871545,0.635926429517308,0.5926078893039689,0.5913918390162102,0.00045
cv_fold2,8080,18,0.18187075900206776,1.6226893344095774,0.614928307815544,0.5818461826649266,0.5965623253214086,0.00045
cv_fold2,8080,19,0.17658405863451507,1.5650277680584364,0.6253353197205678,0.590074568512506,0.5918110676355506,0.00045
cv_fold2,8080,20,0.16851921337393094,1.6732897737196513,0.6099060786399453,0.5873334927666214,0.5909726103968698,0.000225
cv_fold2,8080,21,0.1507154735941557,1.646258148763861,0.6218676054047079,0.5884047909622443,0.5926495248742314,0.000225
cv_fold2,8080,22,0.14437154778894387,1.6022321390254157,0.6428533545029789,0.6010485841912947,0.6062045835662381,0.000225
cv_fold2,8080,23,0.14351190425127558,1.6487760746053286,0.6402586140120903,0.6043199892185053,0.604387926215763,0.000225
cv_fold2,8080,24,0.14060214691379536,1.6113780055727278,0.6336148080477216,0.6026716924423865,0.6106763555058692,0.000225
cv_fold2,8080,25,0.13857922524963534,1.5802410989999771,0.6482750535346835,0.6045310489074105,0.606484069312465,0.000225
cv_fold2,8080,26,0.13374703817959852,1.6796050343130315,0.6381536593526443,0.5993382228895099,0.6010340972610397,0.000225
cv_fold2,8080,27,0.13411400312522673,1.565556141946997,0.6398241623324268,0.6120450075819476,0.6219955282280604,0.000225
cv_fold2,8080,28,0.13216399602920004,1.6187990297164236,0.6335016410424809,0.5905407778845233,0.594326439351593,0.0001125
cv_fold2,8080,29,0.12411905258144222,1.6688497470957893,0.6336660314322163,0.6007236320676281,0.6052263834544438,0.0001125
cv_fold2,8080,30,0.120780403930811,1.7250509847487723,0.6254463507388862,0.5961391996078167,0.5997764114030184,0.0001125
cv_fold2,8080,31,0.12073784448065848,1.6554688279117857,0.6342645107868549,0.6056728749731087,0.6131917272219117,5.625e-05
cv_fold2,2718,1,0.6913981448929265,0.6884055467588561,0.4992985499550516,0.5129833748480528,0.5461151481274455,0.00045
cv_fold2,2718,2,0.6720003575648902,0.7688706197908947,0.45558118471184683,0.5010811720974335,0.5234768026830632,0.00045
cv_fold2,2718,3,0.6205077073858969,0.8130381447928292,0.5027821834187285,0.5152127003686713,0.5371716042481833,0.00045
cv_fold2,2718,4,0.5575808033628283,0.9579385721257755,0.5391546956690165,0.5364520676877329,0.553381777529346,0.00045
cv_fold2,2718,5,0.4961010073340914,1.0883836512054716,0.5231478111816578,0.5170164002687958,0.5317216321967579,0.00045
cv_fold2,2718,6,0.4361591457196002,1.3271473624876566,0.535528998924188,0.5286991605893808,0.5201229737283398,0.00045
cv_fold2,2718,7,0.3814620025127939,1.477589515703065,0.544823604960745,0.5532486628117341,0.548630519843488,0.00045
cv_fold2,2718,8,0.345362292333219,1.4421023726463318,0.5568254736671905,0.5632987230908972,0.5515651201788708,0.00045
cv_fold2,2718,9,0.31487025011260555,1.6056751608848572,0.5501973047391585,0.5431905422045626,0.5350754611514813,0.00045
cv_fold2,2718,10,0.2892321636841732,1.5775453299283981,0.5582217642881203,0.5527334063437844,0.546534376746786,0.00045
cv_fold2,2718,11,0.26990165191251525,1.687879700745855,0.5481920563371789,0.5497322238130623,0.5440190050307434,0.00045
cv_fold2,2718,12,0.2552784171494298,1.6694249691707748,0.5629016713331936,0.5713769853293164,0.5687534935718278,0.00045
cv_fold2,2718,13,0.23880606824122136,1.738599847470011,0.5607832559259733,0.5443026256599092,0.5342370039128005,0.00045
cv_fold2,2718,14,0.22552937091146624,1.6741715903793062,0.574952063214251,0.5705217039243238,0.5704304080491895,0.00045
cv_fold2,2718,15,0.21081504253846295,1.6641843542456627,0.5796835563585792,0.5737172209633333,0.5793739519284516,0.00045
cv_fold2,2718,16,0.20460851190600005,1.707313433289528,0.570131100429027,0.5733142045629034,0.5757406372275014,0.00045
cv_fold2,2718,17,0.19718658661692398,1.6538946319903647,0.5867007973195862,0.588049169290505,0.5881777529346003,0.00045
cv_fold2,2718,18,0.1856676975511155,1.743748897952693,0.5875256912879865,0.5838257186205587,0.5714086081609838,0.00045
cv_fold2,2718,19,0.18012902571720146,1.6726021383489882,0.5916611231760788,0.567967829296439,0.5613471212968139,0.00045
cv_fold2,2718,20,0.17455464990446404,1.6650879681110382,0.5888986069576911,0.586736141857904,0.5809111235326998,0.00045
cv_fold2,2718,21,0.16506816189056672,1.8787422627210617,0.5908767323559219,0.5810164928013614,0.5704304080491895,0.00045
cv_fold2,2718,22,0.1660338655207892,1.7198209762573242,0.6023620952435762,0.5829678579106033,0.5767188373392957,0.00045
cv_fold2,2718,23,0.1608091748829158,1.8097010850906372,0.5896460814755689,0.5711008787933818,0.5758803801006148,0.00045
cv_fold2,2718,24,0.1569237878206391,1.7328127175569534,0.5904581192207952,0.5760896576077446,0.5638624930128563,0.00045
cv_fold2,2718,25,0.1561216226070182,1.6856702374560493,0.6032106462746816,0.5945337434750637,0.5869200670765791,0.00045
cv_fold2,2718,26,0.1497067854089557,1.7734607074941908,0.6024148903920326,0.5737034781040786,0.5630240357741755,0.00045
cv_fold2,2718,27,0.14337933016648083,1.905198565551213,0.5885990448672517,0.5812692646877111,0.5659586361095584,0.00045
cv_fold2,2718,28,0.14750550748229777,1.8511360787919588,0.5782745707210358,0.5615007057220187,0.5627445500279485,0.000225
cv_fold2,2718,29,0.12652506665238794,1.8208297150475639,0.5998364317637215,0.5774524575657987,0.5751816657350475,0.000225
cv_fold2,2718,30,0.1241280623483208,1.8016592477049147,0.6022515881465784,0.5781888894343044,0.5733650083845724,0.000225
cv_fold2,2718,31,0.12146544784494916,1.8246273866721563,0.6062366949173102,0.5854403635272414,0.5823085522638345,0.000225
cv_fold2,2718,32,0.11927012157327724,1.8192024571555,0.6079814738196919,0.5828190642555646,0.5775572945779766,0.000225
cv_fold3,42,1,0.6886542644821295,0.7110937989893413,0.4895565286633913,0.49440485641084875,0.5040052160953801,0.00045
cv_fold3,42,2,0.6711246536559418,0.7709018389383951,0.48996650216510396,0.49677905835702957,0.4982302533532042,0.00045
cv_fold3,42,3,0.6390716566258118,0.8457479484024502,0.5231346893780907,0.5239364319832289,0.5244970193740686,0.00045
cv_fold3,42,4,0.5854251041632741,0.9249182854379926,0.5212436617772614,0.5220675458084504,0.5314828614008942,0.00045
cv_fold3,42,5,0.521371761415185,1.1368788551716578,0.5377645800245315,0.5386440702177612,0.5450819672131147,0.00045
cv_fold3,42,6,0.45053481730092476,1.3367871681139583,0.5350759733125263,0.5226403310866145,0.5294336810730254,0.00045
cv_fold3,42,7,0.39414312721801403,1.4281988988320033,0.544588598890211,0.528186523135874,0.5337183308494784,0.00045
cv_fold3,42,8,0.3510121475247776,1.5061111400524776,0.5486696765766532,0.5302735136805619,0.5304582712369598,0.00045
cv_fold3,42,9,0.313971144562008,1.53920744572367,0.5515070193198315,0.5414158771271056,0.5448956780923994,0.00045
cv_fold3,42,10,0.2925833116183762,1.6936422565153666,0.5381948832227046,0.5307839162311982,0.5357675111773472,0.00045
cv_fold3,42,11,0.26584052357102644,1.6046315353541147,0.558785921676491,0.5389635617628199,0.5419150521609538,0.00045
cv_fold3,42,12,0.2508973655204813,1.5739897773379372,0.5639429402733726,0.5455405234260992,0.5493666169895678,0.00045
cv_fold3,42,13,0.23442083822578944,1.7593562993265333,0.5535052699555482,0.5296378753219957,0.5360469448584203,0.00045
cv_fold3,42,14,0.2216773427584592,1.5886493580681937,0.5666859511345173,0.5541629974787343,0.5562593144560357,0.00045
cv_fold3,42,15,0.21052137536912405,1.6965158652691614,0.5578885058126034,0.5360285772470107,0.5379098360655737,0.00045
cv_fold3,42,16,0.20066427996679514,1.7832274933656056,0.5662629993775663,0.5373381964336451,0.540424739195231,0.00045
cv_fold3,42,17,0.18960588738447479,1.821047374180385,0.558382428592159,0.5309831193837472,0.5371646795827124,0.000225
cv_fold3,42,18,0.1686811004804463,1.8030347696372442,0.5709087966614004,0.5497364543162803,0.5536512667660208,0.000225
cv_fold3,42,19,0.16163080088606402,1.879699558019638,0.5682540030949219,0.5372979551321683,0.5415424739195231,0.000225
cv_fold3,42,20,0.15867325215905653,1.8857648003669012,0.5670081080125309,0.539366114141403,0.5411698956780924,0.000225
cv_fold3,42,21,0.15156906289087624,1.804598135607583,0.5718835942833661,0.544123594102193,0.5498323397913562,0.000225
cv_fold3,42,22,0.15250213450493932,1.861442581528709,0.5699677076621006,0.5440241754409253,0.5471311475409836,0.000225
cv_fold3,42,23,0.14761963417800536,1.9023944224630083,0.5647375056420569,0.539162329403448,0.5421013412816692,0.000225
cv_fold3,42,24,0.14504991859948935,1.9342235454491206,0.5517518641216744,0.5360432627089782,0.5385618479880775,0.0001125
cv_fold3,42,25,0.1364566011964774,1.8727375467618306,0.5714875920040707,0.5467033576749656,0.5505774962742176,0.0001125
cv_fold3,42,26,0.13255424171435734,1.9472172061602275,0.5601973635501957,0.5443797622139754,0.5463859910581222,0.0001125
cv_fold3,42,27,0.133521427752591,1.889483338310605,0.565923927216551,0.5432953723722735,0.547317436661699,5.625e-05
cv_fold3,1337,1,0.6900847040805496,0.7215165680363065,0.49364800637450085,0.5109380909352375,0.5102459016393442,0.00045
cv_fold3,1337,2,0.6750222915360907,0.7295336794285547,0.5086315675415405,0.5283190929645488,0.5381892697466468,0.00045
cv_fold3,1337,3,0.6389167048350102,0.7566384971141815,0.5468224963160047,0.5193011566674001,0.5291542473919523,0.00045
cv_fold3,1337,4,0.5741713783320259,0.914595114333289,0.5834989062553622,0.5352705077772848,0.5446162444113264,0.00045
cv_fold3,1337,5,0.5116727437291827,0.9291423105058216,0.6086600500211572,0.5857809712995903,0.5919336810730254,0.00045
cv_fold3,1337,6,0.4464388956793216,1.0876155265030407,0.6104952449937469,0.5711430498133309,0.5793591654247392,0.00045
cv_fold3,1337,7,0.38832882760452625,1.2375627333919208,0.6035543695694929,0.5592144131450737,0.5635245901639344,0.00045
cv_fold3,1337,8,0.3505403336857547,1.3374555075452441,0.585160506176343,0.5604903759704729,0.5578427719821163,0.00045
cv_fold3,1337,9,0.31655636580050495,1.3579129165127164,0.5989759895309903,0.5630660283107137,0.5647354694485842,0.000225
cv_fold3,1337,10,0.2712760945829023,1.4920606180315925,0.5938330466793871,0.5629025197151891,0.5671572280178837,0.000225
cv_fold3,1337,11,0.25465405600912433,1.5715090873695554,0.5923767819187993,0.5656835943182069,0.5701378539493294,0.000225
cv_fold3,1337,12,0.24189401587017445,1.5769562749635606,0.5904507914209726,0.5613430212089079,0.5679955290611028,0.0001125
cv_fold3,2026,1,0.6899109430172864,0.7036000277314868,0.5128070642124003,0.52514710286147,0.5281296572280179,0.00045
cv_fold3,2026,2,0.6777327035655495,0.7218542467980158,0.5122579707827247,0.5007465196935877,0.5076378539493294,0.00045
cv_fold3,2026,3,0.6399822856197838,0.796857339995248,0.5402867515009047,0.530160280581168,0.529526825633383,0.00045
cv_fold3,2026,4,0.5844938543413868,0.9407423188289007,0.565381227101872,0.5384217500924592,0.5396795827123696,0.00045
cv_fold3,2026,5,0.5118843608794093,0.9804380798623675,0.5642775876332731,0.5428705740447787,0.5464791356184798,0.00045
cv_fold3,2026,6,0.45099169353977975,1.167901174653144,0.5809721880345364,0.5667289797122869,0.5687406855439643,0.00045
cv_fold3,2026,7,0.3971609471976256,1.2347823147262846,0.5924666715792412,0.5711434156433444,0.5753539493293591,0.00045
cv_fold3,2026,8,0.35842464713990185,1.2279686615580605,0.5870062927988452,0.5708813245694399,0.5748882265275708,0.00045
cv_fold3,2026,9,0.32239636791353465,1.3509501218795776,0.5857740727907655,0.5712544711831343,0.5702309985096871,0.00045
cv_fold3,2026,10,0.29190164353667186,1.5181075061360996,0.5799211409854869,0.5676410287767115,0.5682749627421758,0.000225
cv_fold3,2026,11,0.251266265178428,1.5602815449237823,0.5918760477328033,0.567170135867525,0.5698584202682563,0.000225
cv_fold3,2026,12,0.23633614614480683,1.6232924567801612,0.5838442323675596,0.564844467369792,0.5674366616989568,0.000225
cv_fold3,2026,13,0.22740330672314188,1.618077820255643,0.5831209515900627,0.5611274253876622,0.5637108792846498,0.0001125
cv_fold3,777,1,0.6895250302402913,0.7017238509087336,0.5296246531800819,0.5198449716925961,0.5244038748137109,0.00045
cv_fold3,777,2,0.6705513641613872,0.7298385671206883,0.4953692017467164,0.48742079562453366,0.5022354694485842,0.00045
cv_fold3,777,3,0.6291290133440194,0.8032588816824413,0.5440050477573662,0.5177470062475056,0.5222615499254843,0.00045
cv_fold3,777,4,0.5647015180908331,0.9134957407202039,0.5526593316006927,0.5338475858093492,0.5359538002980626,0.00045
cv_fold3,777,5,0.49605192093789074,1.0125015580228396,0.5801044044017364,0.5537272590917904,0.5526266766020864,0.00045
cv_fold3,777,6,0.4337466188839504,1.2068555120910918,0.5789168504962483,0.5429297165636159,0.5476900149031296,0.00045
cv_fold3,777,7,0.37604518616650284,1.1957714557647705,0.6037644953610142,0.5726966601984436,0.5772168405365127,0.00045
cv_fold3,777,8,0.3354040714872985,1.2157412831272398,0.6066303554247626,0.5740657877339287,0.5769374068554396,0.00045
cv_fold3,777,9,0.30381006440695596,1.4051596926791328,0.5924343217537682,0.5631788258981867,0.5644560357675111,0.00045
cv_fold3,777,10,0.2747809719137785,1.4849292220813888,0.5943216562135095,0.5617003151886872,0.5694858420268256,0.00045
cv_fold3,777,11,0.25393629324536365,1.6494861018090021,0.5892970855019649,0.5518708808193755,0.5542101341281669,0.000225
cv_fold3,777,12,0.2214908162836267,1.5770877766467275,0.5984578871295949,0.5699138783886964,0.5720007451564829,0.000225
cv_fold3,777,13,0.20599008088602738,1.6398081807863145,0.5911326288840913,0.5576888671481338,0.563338301043219,0.000225
cv_fold3,777,14,0.20038946298491053,1.6260395702861605,0.5952698353468793,0.5574405556714017,0.5584947839046199,0.0001125
cv_fold3,31415,1,0.6895606011903587,0.7009232228710538,0.5042929106846927,0.4885793792770537,0.4991616989567809,0.00045
cv_fold3,31415,2,0.6740370032166233,0.7663342214766002,0.48392042953321307,0.5084984576780839,0.5149031296572281,0.00045
cv_fold3,31415,3,0.6425415432753683,0.8462653585842678,0.5286171573231068,0.52733183970165,0.5279433681073026,0.00045
cv_fold3,31415,4,0.588560923808763,0.9055866570699782,0.5539887578694827,0.5461066192411606,0.5488077496274217,0.00045
cv_fold3,31415,5,0.5217504130692041,1.0458247526770545,0.578095370490862,0.5745907712236717,0.5750745156482862,0.00045
cv_fold3,31415,6,0.45400278708514047,1.175771095213436,0.5803896472893477,0.5609290584180012,0.5621274217585693,0.00045
cv_fold3,31415,7,0.4030494781351891,1.2213503839004607,0.5871097355902607,0.5733076137413418,0.5758196721311475,0.00045
cv_fold3,31415,8,0.3586277553514272,1.319654649212247,0.5846944213187615,0.5734384415223337,0.5754470938897168,0.00045
cv_fold3,31415,9,0.3224362225717857,1.5238875654481707,0.576866878464824,0.562134241846041,0.563058867362146,0.00045
cv_fold3,31415,10,0.2933363756086646,1.5242287864287694,0.5862411157745728,0.5675504771381501,0.5701378539493294,0.000225
cv_fold3,31415,11,0.2525993221196808,1.5684988314197177,0.5896813463798769,0.5734401138881093,0.5750745156482862,0.000225
cv_fold3,31415,12,0.24267116345527792,1.6001738352434975,0.5825446996370096,0.5683568187491714,0.5670640834575261,0.000225
cv_fold3,31415,13,0.23011693940693592,1.6812113665399098,0.5796233553545581,0.56940561855671,0.5701378539493294,0.000225
cv_fold3,31415,14,0.22319160658521814,1.6496111090694154,0.590788940296716,0.5639344565011564,0.5635245901639344,0.000225
cv_fold3,31415,15,0.2143724041701365,1.6561267248221807,0.5785017727948246,0.5531104522686774,0.555327868852459,0.000225
cv_fold3,31415,16,0.20370442501637115,1.7111394525993437,0.5895191268996376,0.5648599541736936,0.5652943368107303,0.000225
cv_fold3,31415,17,0.2023070919789186,1.7163030561946688,0.5795752225770773,0.5538459796413855,0.5562593144560357,0.0001125
cv_fold3,31415,18,0.18550781379727757,1.7360953234490895,0.5862585885128331,0.5593695250707663,0.5603576751117735,0.0001125
cv_fold3,31415,19,0.18051737017866945,1.7424412291674387,0.5850747974303403,0.5649228769360028,0.5669709388971684,0.0001125
cv_fold3,31415,20,0.17673285856467336,1.7917722790014177,0.5822895244924065,0.5580922208686512,0.5597988077496274,5.625e-05
cv_fold3,123,1,0.6889394211168048,0.6993781186285473,0.49526206581421306,0.4931937500206868,0.4991616989567809,0.00045
cv_fold3,123,2,0.6720501091800818,0.7251884539922079,0.5662600727374589,0.5662469202774525,0.5819672131147541,0.00045
cv_fold3,123,3,0.6358258922059997,0.8183137121654692,0.5423546666234639,0.5229221595607672,0.5320417287630402,0.00045
cv_fold3,123,4,0.5857373769042873,0.9123935812995547,0.5815298697592891,0.5711047770257358,0.5708830104321908,0.00045
cv_fold3,123,5,0.5215085009817316,1.0191525884327435,0.5754755398213809,0.5582411136841156,0.561941132637854,0.00045
cv_fold3,123,6,0.4601694305403894,1.111242267702307,0.5830492489074313,0.5536093747250831,0.5488077496274217,0.00045
cv_fold3,123,7,0.40876317136928814,1.177290875996862,0.5971013894398115,0.5774229575057083,0.5745156482861401,0.00045
cv_fold3,123,8,0.3637168002980096,1.2693794582571303,0.5771594553731806,0.5661611070085888,0.5618479880774963,0.00045
cv_fold3,123,9,0.3270299095316094,1.3154588753268832,0.6103574490220232,0.5808829603522141,0.5792660208643815,0.00045
cv_fold3,123,10,0.3025310527877647,1.4549634555975597,0.6054006439653465,0.5689962721921632,0.5645491803278688,0.00045
cv_fold3,123,11,0.27538021641368626,1.4051093785535722,0.5997735686421661,0.5629318209572169,0.5632451564828614,0.00045
cv_fold3,123,12,0.25297662202550586,1.417636466877801,0.6070190585242661,0.5816394271380718,0.5781482861400894,0.000225
cv_fold3,123,13,0.22041804174415203,1.4945603963874636,0.6097105221944714,0.5694353553106586,0.5674366616989568,0.000225
cv_fold3,123,14,0.2085512055068457,1.5294816451413291,0.6070993146610211,0.5782499075408192,0.5760059612518629,0.000225
cv_fold3,123,15,0.19909027607000174,1.575532683304378,0.601709157822726,0.572022278699408,0.57051043219076,0.0001125
cv_fold3,999,1,0.6886563118265456,0.6985892610890525,0.5361105754314486,0.523994163443443,0.5142511177347243,0.00045
cv_fold3,999,2,0.6747986564115316,0.7371413310368856,0.4741844734425702,0.4907093461380806,0.4797876304023845,0.00045
cv_fold3,999,3,0.6415720915093142,0.8486142726171584,0.4915106532312981,0.49643303542575906,0.4929210134128167,0.00045
cv_fold3,999,4,0.58077946280231,0.8800650976953053,0.531913459948843,0.5149389995873088,0.5122019374068555,0.000225
cv_fold3,999,5,0.5068398335901629,1.0397697076911019,0.5465881386412133,0.5325644980089266,0.5419150521609538,0.000225
cv_fold3,999,6,0.45890906778704216,1.140707830588023,0.5470090696228518,0.5329510932307338,0.5394932935916542,0.000225
cv_fold3,999,7,0.425089113101238,1.176088272815659,0.5631359018432781,0.5409944583721157,0.5459202682563339,0.000225
cv_fold3,999,8,0.392504403445901,1.2666723834616798,0.5648385095667161,0.5425523541945285,0.5506706408345753,0.000225
cv_fold3,999,9,0.36781044404546753,1.361053738565672,0.5559279008273159,0.5244204425114684,0.5317622950819673,0.000225
cv_fold3,999,10,0.34303443046177134,1.3828228768848239,0.5677907926160173,0.5317408578644133,0.5370715350223547,0.000225
cv_fold3,999,11,0.32504502777792826,1.4922286655221666,0.5653179036685957,0.524728262337051,0.5338114754098361,0.000225
cv_fold3,999,12,0.3070480990685335,1.5032366031692141,0.5678907513120668,0.5365863460741475,0.5418219076005961,0.000225
cv_fold3,999,13,0.29572389869629834,1.50332791748501,0.5631960547497714,0.530181359358132,0.5379098360655737,0.000225
cv_fold3,999,14,0.27434375087002744,1.6299004611514865,0.5473739589305291,0.5213797853832096,0.5277570789865872,0.000225
cv_fold3,999,15,0.26218955024701207,1.6232516857839765,0.5573769012490656,0.5274954528200355,0.5333457526080477,0.0001125
cv_fold3,999,16,0.24385088625825754,1.7793404921179725,0.5568315009604781,0.5201917959658008,0.526918777943368,0.0001125
cv_fold3,999,17,0.23695506255666748,1.6911736928990908,0.5580577631654817,0.5308753388936012,0.5363263785394933,0.0001125
cv_fold3,999,18,0.23076588735610498,1.7934867697102683,0.5543271332114248,0.5204044128855085,0.5279433681073026,5.625e-05
cv_fold3,5555,1,0.6884553905795602,0.6908875916685376,0.5496594732291693,0.5359875694445533,0.544429955290611,0.00045
cv_fold3,5555,2,0.6694945873332625,0.7511749934582483,0.5280258018166422,0.5199649639369999,0.5290611028315947,0.00045
cv_fold3,5555,3,0.6241374326353314,0.8052770211583092,0.5252923722177538,0.5269394608815353,0.5368852459016393,0.00045
cv_fold3,5555,4,0.5621282340598708,0.9295301203216825,0.5460190987655676,0.5223576664295739,0.5270119225037257,0.000225
cv_fold3,5555,5,0.4882527836481062,1.0331097032342638,0.5434877815388588,0.5330253567234592,0.5425670640834576,0.000225
cv_fold3,5555,6,0.44488901438332407,1.15206045905749,0.5437114778818303,0.5261388680278679,0.5308308494783904,0.000225
cv_fold3,5555,7,0.40932251337696524,1.201450037104743,0.555657151776427,0.5359749570193286,0.5420081967213115,0.000225
cv_fold3,5555,8,0.3786118756823179,1.2858338909489768,0.5576868289523447,0.5425921948250383,0.5509500745156483,0.000225
cv_fold3,5555,9,0.356366419241208,1.3423063584736414,0.5520971205519642,0.5313701849584287,0.5385618479880775,0.000225
cv_fold3,5555,10,0.33763215859898,1.394443541765213,0.5527140493184151,0.5301977171858753,0.5381892697466468,0.000225
cv_fold3,5555,11,0.31990403512946697,1.4106825221152532,0.5553005546157208,0.5337667025354285,0.5395864381520119,0.0001125
cv_fold3,5555,12,0.2926600665605369,1.5227549565689904,0.5598102631345605,0.5413786147271666,0.5492734724292101,0.0001125
cv_fold3,5555,13,0.28477108672636897,1.5233956589585258,0.5596689308060402,0.5386402899742891,0.5446162444113264,0.0001125
cv_fold3,5555,14,0.2747321968444255,1.5887245365551539,0.5528652764777746,0.5317182112445346,0.5368852459016393,0.0001125
cv_fold3,5555,15,0.26618367558767814,1.550851557226408,0.5599572396975736,0.5329527655965094,0.5391207153502235,0.0001125
cv_fold3,5555,16,0.25717239376126216,1.6315142405884606,0.5598170571205241,0.5311277964438187,0.5376304023845008,0.0001125
cv_fold3,5555,17,0.25251933074548466,1.6299947337025689,0.5595213096853845,0.5367486178158172,0.5409836065573771,0.0001125
cv_fold3,5555,18,0.24685831067441893,1.6750516863096327,0.5585516859450373,0.5380901164750501,0.5442436661698957,5.625e-05
cv_fold3,5555,19,0.23481563591406124,1.70682069730191,0.5555199132599618,0.5309675977388918,0.5366989567809239,5.625e-05
cv_fold3,5555,20,0.23165890468018396,1.694131803654489,0.5564869413492612,0.5304862002821769,0.5366989567809239,5.625e-05
cv_fold3,5555,21,0.2295766038929715,1.6603999606200628,0.5596312503146574,0.5324315275092847,0.5388412816691506,2.8125e-05
cv_fold3,8080,1,0.6894188573380479,0.6996206825687772,0.49970226663050177,0.5135587403671296,0.5267324888226528,0.00045
cv_fold3,8080,2,0.6716567280412722,0.7640017838705153,0.5050366256815109,0.5087374666201888,0.5139716840536512,0.00045
cv_fold3,8080,3,0.6242278598937667,0.8609207542169661,0.5145288867217815,0.5211784395120107,0.5229135618479881,0.00045
cv_fold3,8080,4,0.5632221413259747,0.9260672188940502,0.5523069153544258,0.5369553117734027,0.5380961251862891,0.00045
cv_fold3,8080,5,0.49739497111124154,1.0585786068723315,0.5605651969184571,0.5494277634668561,0.5491803278688525,0.00045
cv_fold3,8080,6,0.43886817040062753,1.2036842476753962,0.5700415356429054,0.5486683177794606,0.5470380029806259,0.00045
cv_fold3,8080,7,0.38613470174184367,1.2214540803716296,0.5770244292572728,0.5583974973046167,0.5597988077496274,0.00045
cv_fold3,8080,8,0.34982541867164,1.3281065906797136,0.5775945840434356,0.5591687192343491,0.5645491803278688,0.00045
cv_fold3,8080,9,0.3149084624122171,1.5317684568109966,0.5717450318106617,0.5561414758732492,0.5601713859910581,0.00045
cv_fold3,8080,10,0.2898740148594399,1.51918830261344,0.5692109447281369,0.5551974776543189,0.5546758569299552,0.00045
cv_fold3,8080,11,0.26914954085309967,1.5613085595624787,0.576817439151581,0.5536904322037722,0.558215350223547,0.000225
cv_fold3,8080,12,0.2360411358355474,1.523921237105415,0.5837767628607977,0.5604401353152958,0.5638040238450075,0.000225
cv_fold3,8080,13,0.22296007215475835,1.6431906258776074,0.5781317270260058,0.5493481518877439,0.5538375558867362,0.000225
cv_fold3,8080,14,0.21085883226214336,1.6062404470784324,0.597516188413606,0.565108230809472,0.5675298062593145,0.000225
cv_fold3,8080,15,0.2047674233923439,1.573132370909055,0.592061331924365,0.5663717205734612,0.5698584202682563,0.000225
cv_fold3,8080,16,0.1978288952793394,1.651804967295556,0.5961496739496454,0.5613232838086597,0.5658532041728763,0.000225
cv_fold3,8080,17,0.19186918374871006,1.604134793082873,0.6071080248994358,0.5672968175750313,0.5730253353204173,0.000225
cv_fold3,8080,18,0.18638010041302994,1.6420687387386959,0.5999538531568779,0.5718738910777719,0.5747950819672131,0.000225
cv_fold3,8080,19,0.18272189902407782,1.683793608986196,0.5814700304213787,0.5629645366127033,0.5638040238450075,0.000225
cv_fold3,8080,20,0.1761123577774573,1.661466365768796,0.6042887994521609,0.5735206313320167,0.5754470938897168,0.0001125
cv_fold3,8080,21,0.16545790158400014,1.6404366904780978,0.6087055697271134,0.5817871179406349,0.5844821162444114,0.0001125
cv_fold3,8080,22,0.16101027552445396,1.651976663441885,0.6106060392263846,0.5819141654781546,0.5836438152011922,0.0001125
cv_fold3,8080,23,0.15680512213030784,1.704805141048772,0.6038324874820808,0.5759469205039187,0.5763785394932935,0.0001125
cv_fold3,8080,24,0.15456545885120118,1.704725529111567,0.6068814715982643,0.5772687166038571,0.5801043219076006,0.0001125
cv_fold3,8080,25,0.15388140771068445,1.6680804185924076,0.6128694469399277,0.5814944190889404,0.584295827123696,0.0001125
cv_fold3,8080,26,0.1522314679660216,1.723891946176688,0.6074053924389208,0.5769961558233779,0.5806631892697467,0.0001125
cv_fold3,8080,27,0.1519237487193416,1.7650774192242396,0.6043550495255446,0.576276986278413,0.580011177347243,0.0001125
cv_fold3,8080,28,0.14783240241162918,1.754909559374764,0.6040677336011906,0.5752571218828888,0.5770305514157973,5.625e-05
cv_fold3,8080,29,0.14323084413253961,1.7453488491120792,0.6054612672247142,0.5718453563367245,0.5733047690014903,5.625e-05
cv_fold3,8080,30,0.14143728746586487,1.745634057692119,0.6065484791836626,0.5800220926487156,0.581408345752608,5.625e-05
cv_fold3,8080,31,0.14007383491061315,1.7976029373350597,0.6018866202201913,0.5730237122304465,0.5749813710879285,2.8125e-05
cv_fold3,2718,1,0.6891059023993356,0.7039157010260082,0.5123916555219166,0.4968870478928975,0.5147168405365127,0.00045
cv_fold3,2718,2,0.6730390629347633,0.7511097164381118,0.5121429956356479,0.5082557381744142,0.5205849478390462,0.00045
cv_fold3,2718,3,0.6388735220211894,0.8046603827249437,0.537194390397415,0.5300114922885646,0.5352086438152012,0.00045
cv_fold3,2718,4,0.5917024094016612,0.8559445547206062,0.5340508305125227,0.5161928558276112,0.5153688524590164,0.00045
cv_fold3,2718,5,0.5333745272971001,0.9848019466513679,0.5286023150768477,0.5129757118485896,0.5153688524590164,0.00045
cv_fold3,2718,6,0.4723489183087309,1.147406830674126,0.5347225118376495,0.5221433074621832,0.5211438152011922,0.000225
cv_fold3,2718,7,0.40949170817347136,1.3037427791527338,0.5455737791163672,0.5318905171808581,0.5338114754098361,0.000225
cv_fold3,2718,8,0.37826424473974884,1.3748732578186762,0.5447676465510679,0.5288653468565011,0.5276639344262295,0.000225
cv_fold3,2718,9,0.35034881694978026,1.3923439901499521,0.5494648865029804,0.5296470384928083,0.5313897168405365,0.000225
cv_fold3,2718,10,0.3300325706475923,1.5377632116987592,0.5446081446652141,0.5244035446489435,0.5224478390461997,0.000225
cv_fold3,2718,11,0.3093665271621792,1.470283499076253,0.5497170304846151,0.5299800134869331,0.5330663189269746,0.000225
cv_fold3,2718,12,0.29227175500963914,1.5046620723747073,0.5576989536042183,0.533599709844538,0.5323211624441133,0.000225
cv_fold3,2718,13,0.2778850670496957,1.6470754678760255,0.5590768610600256,0.5343831086875743,0.5382824143070045,0.000225
cv_fold3,2718,14,0.26738812649199944,1.6599011222521465,0.5557933799052361,0.5281378503236115,0.5314828614008942,0.000225
cv_fold3,2718,15,0.25815502397653434,1.5773723054499853,0.5686345359907922,0.5410606910250226,0.5442436661698957,0.000225
cv_fold3,2718,16,0.24495293250103958,1.673040204104923,0.5578747610563847,0.5393967219191931,0.5408904619970194,0.000225
cv_fold3,2718,17,0.2363288426349143,1.734555408358574,0.5571982019977455,0.5317672498868105,0.5351154992548435,0.000225
cv_fold3,2718,18,0.22527691772004135,1.6628536723908924,0.5731630412041312,0.5568698085890267,0.5561661698956781,0.000225
cv_fold3,2718,19,0.21887367707090216,1.7286168734232585,0.5644060462294163,0.5469138318760234,0.548155737704918,0.000225
cv_fold3,2718,20,0.20959339985827438,1.7007067047414326,0.5784555911107487,0.5562995318595261,0.5576564828614009,0.000225
cv_fold3,2718,21,0.20311036493097032,1.7689347501311983,0.5653042808557147,0.5429036903712321,0.5456408345752608,0.000225
cv_fold3,2718,22,0.19987450327192033,1.7394393189322381,0.5603479461519125,0.5500186137794927,0.5496460506706409,0.000225
cv_fold3,2718,23,0.19548989581961593,1.8533580132893153,0.5538583481799347,0.5376300591024518,0.5407973174366617,0.0001125
cv_fold3,2718,24,0.17775168078912407,1.8115043540795643,0.5690440565601074,0.5527338912415243,0.5555141579731744,0.0001125
cv_fold3,2718,25,0.17203419664952935,1.8254039216609228,0.5649214658773797,0.5460902614134173,0.5485283159463488,0.0001125
cv_fold3,2718,26,0.16950105822512082,1.8313377527963548,0.5636958133890649,0.5404279270451335,0.5452682563338301,5.625e-05
final,5555,1,0.689358942140164,0.6929827864680972,0.5345280404022993,0.531270803618084,0.539213632236888,0.00045
final,5555,2,0.6701357911813899,0.7157436736992427,0.563252545925244,0.5295547663672006,0.5324394161603464,0.00045
final,5555,3,0.6225761566252362,0.7265086472034454,0.5824108114722899,0.5484709436373985,0.5499685732243872,0.00045
final,5555,4,0.560509593328843,0.8584881345076221,0.5758325803704036,0.5462147334888006,0.5481528039667575,0.00045
final,5555,5,0.4902414456714967,0.9545836549784456,0.6041651114852181,0.5758379965228302,0.5739925972484112,0.00045
final,5555,6,0.43234368444241184,1.0736726724675723,0.6245488698256023,0.5882227355007834,0.586214121097842,0.00045
final,5555,7,0.3852792823164245,1.1916229416217123,0.6150355845139173,0.5807958364858873,0.5802779523709757,0.00045
final,5555,8,0.34931386964930344,1.1237903774849005,0.6597006017659326,0.6096553925921635,0.6096096096096096,0.00045
final,5555,9,0.31492398853181663,1.1688771301082201,0.6587391758389993,0.6149359940299871,0.6141490327536839,0.00045
final,5555,10,0.29366535047063314,1.2543429391724723,0.6545126047603584,0.6113116166814669,0.609888958726168,0.00045
final,5555,11,0.26844904306183104,1.2778848186135292,0.6515717811708011,0.6040152940370281,0.60423213911586,0.000225
final,5555,12,0.23380806393427803,1.340364723865475,0.6609235336611127,0.622411608981111,0.6228786926461345,0.000225
final,5555,13,0.22361306658114544,1.4062295580016715,0.6601734946687399,0.6183694520054717,0.6188281304560375,0.000225
final,5555,14,0.2121898216498011,1.3808773734739848,0.6589150634266772,0.6113475281269038,0.6123332634960542,0.000225
final,5555,15,0.20240799213057437,1.4083730982882636,0.6611688892907831,0.6139000371359669,0.6133808226831483,0.000225
final,5555,16,0.19557548086349896,1.4472533389925957,0.6594707979507477,0.6062425984156106,0.6047908373489769,0.000225
final,5555,17,0.19145107659443697,1.3811911046504974,0.6663946619971584,0.6228533786312065,0.6212724352259236,0.000225
final,5555,18,0.18491458540271133,1.5023503537688936,0.6570614833773966,0.6099256703724923,0.6080731894685383,0.000225
final,5555,19,0.18150153763192686,1.4775103905371256,0.6567438829464277,0.614190154518119,0.6115650534255186,0.000225
final,5555,20,0.17987047514234808,1.4044786292527403,0.6756716087880135,0.6198083235430492,0.6186884558977582,0.000225
final,5555,21,0.1696614052642031,1.499799586300339,0.6660830271833551,0.620063706904205,0.6182694322229206,0.000225
final,5555,22,0.1678067715339104,1.461634059037481,0.6601416551494934,0.601383838719226,0.6043718136741393,0.000225
final,5555,23,0.16464494328581572,1.514495768717357,0.6605520954975995,0.6140033561306253,0.6126824498917522,0.0001125
final,5555,24,0.15080407238345042,1.5596304211233343,0.6596724416980627,0.6128545725395891,0.6128221244500315,0.0001125
final,5555,25,0.14889338880495318,1.5010403793837344,0.6634468229203093,0.6157620455818679,0.6139395209162651,0.0001125
final,5555,26,0.14661074761148507,1.521852349596364,0.6624230818048598,0.6127793351178379,0.6146378937076612,5.625e-05
final,2026,1,0.6911385070638326,0.6894587469952447,0.5399128340912415,0.5399675254565051,0.5473147566170822,0.00045
final,2026,2,0.6796807878024946,0.7052105590701103,0.5585594498476452,0.5174744799139632,0.5262937355960612,0.00045
final,2026,3,0.6303186226718434,0.7919329979590007,0.5698042947890883,0.5510321361517106,0.5506669460157833,0.00045
final,2026,4,0.5545478483855912,0.8210994377732277,0.6017001636070507,0.5613225902772528,0.564843913681123,0.00045
final,2026,5,0.47867059369192516,0.9205147922039032,0.6111901555385535,0.5582506310406289,0.5649835882394022,0.00045
final,2026,6,0.41722959674871307,1.1194867294813906,0.6170022267451019,0.5867780945834473,0.5853760737481668,0.00045
final,2026,7,0.36834646756716705,1.1429449769535236,0.6357809789593467,0.5922090825579405,0.5917312661498708,0.00045
final,2026,8,0.32920698610013965,1.2999939918518066,0.6222775690204244,0.5796338068698947,0.5818143725120469,0.00045
final,2026,9,0.29986695559807003,1.3149759556565965,0.6380491105304054,0.5926218875667982,0.5924994762204064,0.00045
final,2026,10,0.2781307890494163,1.3684384290661131,0.6427393219181248,0.6045525822448633,0.5987848313429709,0.00045
final,2026,11,0.25461777367802446,1.4461392632552557,0.6325259694696982,0.6061933820739955,0.6073748166771422,0.00045
final,2026,12,0.2364110276338054,1.390945770910808,0.641859815296643,0.6091615513461847,0.6114952161463789,0.00045
final,2026,13,0.2252897700582769,1.4265533334442548,0.6479670569985678,0.6143330349739802,0.6175710594315246,0.00045
final,2026,14,0.21152625343400974,1.5144310455237115,0.6534044619362619,0.6169744100926939,0.6172917103149661,0.00045
final,2026,15,0.20247476334075445,1.4496145924287183,0.6517826676999743,0.6185244010618485,0.6195963405265731,0.00045
final,2026,16,0.19237005085411132,1.461386315524578,0.6504246459739815,0.6132620497028534,0.6108666806341225,0.00045
final,2026,17,0.18473964092859335,1.4856437838503294,0.6432602243024957,0.6090293560171216,0.6091207486556324,0.000225
final,2026,18,0.16120596143067448,1.5683939435652323,0.6484399597132453,0.6129248353430792,0.6119840771003562,0.000225
final,2026,19,0.15812698189956534,1.5194263120314904,0.6481902868606262,0.6153219537616004,0.6140093581954047,0.000225
final,2026,20,0.1530805270331515,1.5282402469643526,0.655307238703417,0.6220549965536787,0.6225295062504365,0.000225
final,2026,21,0.15050964826006993,1.5612239523657732,0.6496603895814892,0.6160405064620585,0.6174313848732453,0.000225
final,2026,22,0.1467382554611197,1.5647023032818521,0.6520441932919617,0.6127583180915739,0.6110761924715413,0.000225
final,2026,23,0.14488695592440265,1.6044833276953017,0.6497870215800707,0.6171393083855934,0.6161044765695929,0.0001125
final,2026,24,0.13213957300885618,1.6247854211500712,0.6523788860010592,0.6152946669501904,0.61484740554508,0.0001125
final,2026,25,0.13275077323244197,1.564997443131038,0.6556659704948424,0.6210446780768515,0.6206438997136672,0.0001125
final,2026,26,0.12959919486794186,1.6208976076117583,0.6494489241519659,0.6153487990388449,0.6149172428242196,0.0001125
final,2026,27,0.12813566712080868,1.6296638803822654,0.6492541487138874,0.6154152940841251,0.6170821984775473,0.0001125
final,2026,28,0.12694597011578948,1.6288426305566515,0.6472068234729139,0.6153422054619777,0.6137998463579859,5.625e-05
final,2026,29,0.12264509607188709,1.6440161817840167,0.6469694645175688,0.6157971328301963,0.616244151127872,5.625e-05
final,2026,30,0.1205871220125761,1.647688388824463,0.649958160222505,0.6209492478259446,0.6190376422934563,5.625e-05
final,2026,31,0.12025826612387545,1.6468280963599682,0.6471562629050625,0.6140380901516216,0.6112857043089601,2.8125e-05
final,2718,1,0.6903943034000577,0.6927469952830246,0.5461655465827964,0.5315652774706663,0.5490606885955723,0.00045
final,2718,2,0.677575509442892,0.7128585598298481,0.5505034333304212,0.5262186519573386,0.5387946085620504,0.00045
final,2718,3,0.6420387033408372,0.8191807866096497,0.5431325208476734,0.525633707495272,0.5270619456665968,0.00045
final,2718,4,0.5933812476859108,0.8798247996185508,0.5260213941160647,0.512729488854147,0.517843424820169,0.00045
final,2718,5,0.5316680864392771,0.9670251820768628,0.5551253639124589,0.5339643680751254,0.5313918569732523,0.00045
final,2718,6,0.4616235948699506,1.1183817375983511,0.5717456812660233,0.551000816661592,0.5453593128011732,0.00045
final,2718,7,0.40992653849373106,1.2248491708721434,0.5860854550325515,0.5442181454293443,0.5393533067951672,0.00045
final,2718,8,0.36004972655314377,1.3324518076011114,0.600456538477328,0.5666624456000473,0.5593966059082338,0.00045
final,2718,9,0.3247258984704123,1.471066940575838,0.5953035109776382,0.5652017034034866,0.5576506739297437,0.00045
final,2718,10,0.3031205141487934,1.4055801358606135,0.6190402208973843,0.5738512988286746,0.5668691947761715,0.00045
final,2718,11,0.27796963642260253,1.4839153502668654,0.6004181740643068,0.5754173910770537,0.5700817096165933,0.00045
final,2718,12,0.2592381411922467,1.5191046419952596,0.6049833822239208,0.5694628024538467,0.5660311474264963,0.00045
final,2718,13,0.2419688489158823,1.4426687668476785,0.6330467639234953,0.5845095509138345,0.5796494168587192,0.00045
final,2718,14,0.22755310541071727,1.5090751552156039,0.6314558280194206,0.5858930246314837,0.5810461624415113,0.00045
final,2718,15,0.2177957847761431,1.6799125224351883,0.6126967486052034,0.5635037101821546,0.5593966059082338,0.00045
final,2718,16,0.20634561763012824,1.5548135904329163,0.6317059522180752,0.5804694544309661,0.5759480410643202,0.000225
final,2718,17,0.1814492037666709,1.5346164682081767,0.6411893407608408,0.5972516676451064,0.5959913401773866,0.000225
final,2718,18,0.17389999767207198,1.6136560780661446,0.6386893841293075,0.5940264960531555,0.5901948460087995,0.000225
final,2718,19,0.16797537300206886,1.698452043746199,0.6270529376308069,0.5768822836947674,0.5707102451288498,0.000225
final,2718,20,0.16562317814736713,1.562515719660691,0.639850746538117,0.5918066683197706,0.5872616802849361,0.0001125
final,2718,21,0.15186603553005573,1.6685074429426874,0.6354402617618617,0.5838049801286077,0.5804176269292548,0.0001125
final,2718,22,0.14790983864749643,1.7003324265990938,0.6355957308473664,0.5872380848767602,0.5813953488372093,0.0001125
final,2718,23,0.14605689617549583,1.7257626615464687,0.6359965261269307,0.5878728049570511,0.5815350233954885,5.625e-05
final,123,1,0.6903803245126261,0.6916011018412453,0.5385927058084938,0.5368038154203512,0.5482924785250367,0.00045
final,123,2,0.6807208224801987,0.6963654011487961,0.5600275018876076,0.5205292193181441,0.5432641944269851,0.00045
final,123,3,0.637081457989449,0.7450817285903862,0.5870959893705261,0.5661580664053255,0.5740624345275508,0.00045
final,123,4,0.5600581310148871,0.9181386596922364,0.5946955674914995,0.5642466061329213,0.5651232627976814,0.00045
final,123,5,0.4892075485799591,1.0164818369916506,0.6313549325567356,0.6019190075630682,0.6022068580208115,0.00045
final,123,6,0.42601818344570486,1.111522120556661,0.6356135982632518,0.5940029769999555,0.5880298903554717,0.00045
final,123,7,0.37577867592546843,1.2048005530876773,0.6457802069613885,0.6071086529628591,0.60953977233047,0.00045
final,123,8,0.3428911721856812,1.3008267528244428,0.6393000553154002,0.6089497032537182,0.6029052308122076,0.00045
final,123,9,0.30786115452882246,1.2720301358827524,0.6544201671299047,0.6114459608101339,0.6071653048397234,0.00045
final,123,10,0.28518461692220404,1.3639830811215299,0.6424930341607722,0.6075484209914055,0.6039527899993016,0.00045
final,123,11,0.2604205150991584,1.5419780047876495,0.641283534716085,0.611944335140209,0.6060479083734898,0.00045
final,123,12,0.24607009142167185,1.4701095295271702,0.6355877145493003,0.6103418310410057,0.6057685592569314,0.000225
final,123,13,0.21083084284695164,1.5243506556642907,0.6503963681636676,0.6180451598789325,0.6130316362874503,0.000225
final,123,14,0.2013096183256396,1.5168119450764996,0.6574652614655434,0.6218236915223321,0.6161044765695929,0.000225
final,123,15,0.19310949061195182,1.5259673124445337,0.6558988846729245,0.6277232061173322,0.62720860395279,0.000225
final,123,16,0.18508354966948837,1.4868175932871444,0.6637375192028114,0.6296815573180814,0.6240659263915078,0.000225
final,123,17,0.18473623211169468,1.4282508421955364,0.665337069929043,0.6403480513743252,0.6382428940568475,0.000225
final,123,18,0.178383601694265,1.4497003786798035,0.6750207285572759,0.6365315477927178,0.6323765626091208,0.000225
final,123,19,0.17240973963910472,1.460096975655428,0.6746892835772604,0.6389951906921301,0.6347510300998673,0.000225
final,123,20,0.16891184907512333,1.5221938818160976,0.6695066634766313,0.6285476681462182,0.6230882044835533,0.000225
final,123,21,0.16537549621675293,1.4898005026791776,0.6743802979684483,0.6328225136269218,0.6246944619037642,0.0001125
final,123,22,0.15206530852366698,1.5388009553509099,0.6633974103412874,0.6285848158873177,0.6257420210908583,0.0001125
final,123,23,0.14903601101520308,1.553030101582408,0.6671150887648511,0.6297807258915871,0.6244849500663454,0.0001125
final,123,24,0.14615334481094913,1.5670985500993473,0.6641812217913634,0.6287208084102015,0.6232977163209721,5.625e-05
final,8080,1,0.6900195840405365,0.6880489460059575,0.5417140874360099,0.5161011026108916,0.5393533067951672,0.00045
final,8080,2,0.6734630386536054,0.7193673237093857,0.5431391340482812,0.5173606818417839,0.5361407919547454,0.00045
final,8080,3,0.6305663260375663,0.8132375037031514,0.5306907454674458,0.515239051306741,0.5170752147496334,0.00045
final,8080,4,0.5566126759684048,0.911959176084825,0.574227888224115,0.5475089289982449,0.5508066205740625,0.00045
final,8080,5,0.4759548936356505,1.0716032039906298,0.5883210602534398,0.5633623898136773,0.5591172567916753,0.00045
final,8080,6,0.41479553587805207,1.1673606426588126,0.6029101928927363,0.5653235373974728,0.5619107479572596,0.00045
final,8080,7,0.3675193786621094,1.1308642668383462,0.6063617635808649,0.5722267768924331,0.5737830854109924,0.00045
final,8080,8,0.3265134143152448,1.3258470225014858,0.6129027291992077,0.5737466257959095,0.5746211327606676,0.00045
final,8080,9,0.3010129011485855,1.3633859189493316,0.6179170070404487,0.576201997288627,0.5774146239262519,0.00045
final,8080,10,0.2749057799013631,1.3455758595040865,0.6280560640066765,0.5855140705752919,0.5823730707451638,0.00045
final,8080,11,0.2514812273181951,1.422288237405675,0.6182224701878094,0.5717763237370886,0.5757385292269013,0.00045
final,8080,12,0.23819560503545995,1.4753447544894047,0.6276627944316615,0.581606964182984,0.5830016062574203,0.00045
final,8080,13,0.22456570698259756,1.56015637836286,0.6237644206039544,0.5760032774786727,0.5746909700398073,0.000225
final,8080,14,0.19755101673986633,1.5281044633260794,0.6288320750198336,0.5868165374914313,0.5846078636776311,0.000225
final,8080,15,0.18702067801440928,1.6150898986629076,0.6277265421532472,0.5798644054465771,0.5808366506040925,0.000225
final,8080,16,0.18014550164388934,1.5425349841160434,0.6343953270064824,0.5906380156913,0.5894964732174035,0.000225
final,8080,17,0.17614794588333424,1.5370708826397146,0.6399453231563045,0.5995371662266632,0.6009497869962986,0.000225
final,8080,18,0.17006666991236835,1.572472510593278,0.6406160429888652,0.5937532452761143,0.5966897129687827,0.000225
final,8080,19,0.16836214117259257,1.5687120093830995,0.6330528570949752,0.5909933623874588,0.5914519170333123,0.000225
final,8080,20,0.16239459333171605,1.6180122505341257,0.6318374214687333,0.5981628175484281,0.5974579230393184,0.000225
final,8080,21,0.1603761951583041,1.6548636885625976,0.6317129971409781,0.5906223265106296,0.5886584258677282,0.0001125
final,8080,22,0.14855452869028699,1.6025095113686152,0.6334194285708006,0.5959061953012759,0.595572316502549,0.0001125
final,8080,23,0.14616788611145048,1.6395555543048042,0.6409974205770307,0.6016570011894342,0.6033242544870452,0.0001125
final,8080,24,0.14266585490492992,1.6667695239718472,0.6364791622169835,0.5975272732710287,0.59717857392276,0.0001125
final,8080,25,0.1413046904730872,1.623736489031996,0.6374185703068784,0.600987576523758,0.6027655562539284,0.0001125
final,8080,26,0.13936145434432226,1.6216908102588994,0.6455784650953702,0.6096996048799063,0.6098191214470284,0.0001125
final,8080,27,0.1380346395803927,1.649207487968462,0.6364265117207502,0.6000905557137228,0.5964103638522243,0.0001125
final,8080,28,0.13793006043422862,1.6745927038469486,0.6362670884514993,0.5899545502391702,0.5883790767511697,0.0001125
final,8080,29,0.13665999575556265,1.6257122355912412,0.6364138544080142,0.601899580059799,0.6025560444165096,5.625e-05
final,8080,30,0.130614101698722,1.6406771886561597,0.640656566013361,0.5966512400516466,0.5962008520148055,5.625e-05
final,8080,31,0.12807820507028503,1.685636725808893,0.6338229809859297,0.5986243973647357,0.5973880857601788,5.625e-05
final,8080,32,0.12932038243730737,1.6676721200346947,0.6414145329969667,0.6013293239676284,0.6024163698582303,2.8125e-05
final,1337,1,0.6913743934796812,0.6887594110199383,0.5336732695059394,0.5169600337402748,0.5246874781758503,0.00045
final,1337,2,0.675894019167506,0.7111818439194134,0.542207330157898,0.5093308826421028,0.5299951113904602,0.00045
final,1337,3,0.6270567725885554,0.8134940436908177,0.5491903303468355,0.5284051585790559,0.5324394161603464,0.00045
final,1337,4,0.5596369707057904,0.8682757828916822,0.5791433409073122,0.5537387405844312,0.5541588099727635,0.00045
final,1337,5,0.4863365694927492,0.9740550651081971,0.6244118372444627,0.5987967428672216,0.5956421537816886,0.00045
final,1337,6,0.42800062669188443,1.1566655691713095,0.6165004378841494,0.5923561723061765,0.5929883371743837,0.00045
final,1337,7,0.3790056424374084,1.179321960146938,0.6340112315302333,0.6018640807129163,0.600181576925763,0.00045
final,1337,8,0.3383955824826418,1.1219381024794919,0.6568516270946086,0.6029234977889146,0.6067462811648858,0.00045
final,1337,9,0.3108435749819602,1.245414275676012,0.6554488239923936,0.6116992248072968,0.6100286332844472,0.00045
final,1337,10,0.28117315527580516,1.2882692946919374,0.6573159247989999,0.6180380364610671,0.6191074795725958,0.00045
final,1337,11,0.2635650914926258,1.2657590947513069,0.6638076053926354,0.6287707017708699,0.6299322578392346,0.00045
final,1337,12,0.24588146697647564,1.3067276227687086,0.6601001313142232,0.6116177764716215,0.6126126126126126,0.00045
final,1337,13,0.23058994664378724,1.363437192780631,0.6620738871514029,0.617172747239705,0.6181297576646414,0.00045
final,1337,14,0.21659302471752045,1.4317377489060163,0.6545529413593176,0.6130041643147613,0.6126824498917522,0.000225
final,1337,15,0.18937355761742367,1.3892256958144051,0.672301015465784,0.6312223643765997,0.6320972134925623,0.000225
final,1337,16,0.18061278765133879,1.4724108826901232,0.6560137424271003,0.6173789731304677,0.6166631748027097,0.000225
final,1337,17,0.1765903888816713,1.4381163442241294,0.6724160988929777,0.6325397845831341,0.6295830714435365,0.000225
final,1337,18,0.17075294871999638,1.4509122102920498,0.6786770337318757,0.6320724353870677,0.6286751868147217,0.000225
final,1337,19,0.16863587157865428,1.460463588791234,0.6675860683529427,0.6281178787898055,0.624903973741183,0.000225
final,1337,20,0.16575579789440714,1.5081631280481815,0.6573672114452563,0.6181901596987865,0.6157552901738949,0.000225
final,1337,21,0.15891692195122925,1.4626588919865233,0.673456382821817,0.6272723997346557,0.6254626719742998,0.0001125
final,1337,22,0.1473316702556911,1.4922639051718372,0.672965730433698,0.6296141497688599,0.62720860395279,0.0001125
final,1337,23,0.1454201530347863,1.5453601091035776,0.671065249644202,0.6313319531564041,0.6269990921153712,0.0001125
final,1337,24,0.14324483867699417,1.5699401646852493,0.6679781801272576,0.6239674576368573,0.6207137369928067,5.625e-05
final,999,1,0.6911065757086601,0.6873509937099048,0.5495159176402593,0.5239364795998265,0.5325790907186256,0.00045
final,999,2,0.6754733463191084,0.7289719358086586,0.542750093389382,0.5095492360046032,0.5196591940777987,0.00045
final,999,3,0.6290941981111039,0.7554471498089177,0.5484670287011335,0.5171593716980604,0.5147705845380264,0.00045
final,999,4,0.5552424369174224,0.8759629279375076,0.581324951405731,0.5534440901181827,0.5552063691598575,0.00045
final,999,5,0.4814787615172871,0.9795518730367933,0.6019537808315458,0.5753254930994686,0.5799986032544172,0.00045
final,999,6,0.41856777903033354,1.0817879265440362,0.6195567275638436,0.5871748277486915,0.5834206299322579,0.00045
final,999,7,0.36834228480651926,1.1392083237213748,0.6253527759861303,0.5909347266503193,0.5887981004260074,0.00045
final,999,8,0.3300619611416705,1.2507058334137713,0.6186228337450786,0.5819573951321035,0.5823032334660242,0.00045
final,999,9,0.3014301982023739,1.3150668985077314,0.6262213129365742,0.5874619426985201,0.5883790767511697,0.00045
final,999,10,0.28001193970159777,1.4229797566575664,0.6331588939777173,0.6004136409802106,0.600181576925763,0.00045
final,999,11,0.25558959093379674,1.3714896898184503,0.6331705112321975,0.5970127387905073,0.6010196242754382,0.00045
final,999,12,0.2397128220424291,1.437290239280888,0.6312677050294313,0.590154123681844,0.5894266359382638,0.00045
final,999,13,0.22223781998789272,1.414154237402337,0.6424037952000488,0.5996727760866039,0.5966198756896431,0.00045
final,999,14,0.20989155289878605,1.5805931091308594,0.6319783493623972,0.590096665369145,0.5906138696836372,0.00045
final,999,15,0.20422783028628172,1.4763550364545412,0.6402820861700431,0.6005756251476195,0.6003212514840421,0.00045
final,999,16,0.19328547783830566,1.4871359621839864,0.6361272987347946,0.5939788986701462,0.594873943711153,0.000225
final,999,17,0.16793783429763295,1.517515527350562,0.6426979060134285,0.5964375963869082,0.5964103638522243,0.000225
final,999,18,0.16049185084995787,1.4967775190515178,0.6527085746562843,0.6140785641167656,0.6126824498917522,0.000225
final,999,19,0.15771405810155328,1.5682369459952628,0.6456318907293602,0.6038309976764706,0.6039527899993016,0.000225
final,999,20,0.15327817196913698,1.5669495431440217,0.6384079110049231,0.5978743779961037,0.5977372721558768,0.000225
final,999,21,0.1502058519408906,1.6068211059485162,0.6415438436361505,0.6037111653040333,0.6036734408827432,0.0001125
final,999,22,0.1375991046569701,1.5964554926114423,0.646681564618113,0.6090132841735081,0.6063970947691878,0.0001125
final,999,23,0.1393568894887572,1.5507497553314482,0.6476848185482968,0.6104260463241162,0.6109365179132621,0.0001125
final,999,24,0.13585260157893508,1.6031148556087698,0.6400146930795937,0.6042367970099071,0.603533766324464,5.625e-05
final,31415,1,0.6909407497580495,0.6884227352482932,0.5224019815739355,0.5263138467233572,0.5549270200432991,0.00045
final,31415,2,0.6752269358288978,0.768924063869885,0.5188408221060026,0.5053349395757551,0.5046441790627837,0.00045
final,31415,3,0.6262612880592466,0.7962105636085782,0.5656301092861817,0.5594488075869464,0.5513653188071793,0.00045
final,31415,4,0.5597976410426552,0.9180676287838391,0.5972347421687734,0.5711796933374496,0.5711292688036874,0.00045
final,31415,5,0.49045221521651333,1.0339061141546284,0.5997648016185033,0.5693624270202896,0.5635868426566101,0.00045
final,31415,6,0.4328055704241671,1.0968353365148817,0.6159436829255637,0.5927508155430388,0.5924994762204064,0.00045
final,31415,7,0.3909631235178337,1.1345219622765268,0.6191643606808999,0.5872152722782245,0.5866331447726797,0.00045
final,31415,8,0.35014847080790285,1.2585092570100511,0.6238181013465732,0.5902674213486361,0.5849570500733291,0.00045
final,31415,9,0.3213708230561638,1.2953012106674058,0.6281238640307116,0.5965355581003622,0.5948041064320134,0.00045
final,31415,10,0.29530647058592235,1.3101469821163587,0.6283710937276166,0.5989218736496413,0.6004609260423214,0.00045
final,31415,11,0.2736815834647097,1.4312307238578796,0.6232824811566955,0.5935128446409644,0.5905440324044975,0.00045
final,31415,12,0.2550494335239242,1.4483954070934228,0.6318764530889378,0.6007727259989681,0.6009497869962986,0.00045
final,31415,13,0.23930743665725274,1.4995080751499958,0.6255952861734028,0.6058392716734993,0.6056288846986522,0.00045
final,31415,14,0.23120117760983175,1.4792408155543464,0.6340833487772173,0.5909505041378227,0.5841888400027935,0.00045
final,31415,15,0.21926577793498897,1.4058977461286954,0.6437053201766356,0.5992628852032365,0.594524757315455,0.00045
final,31415,16,0.20411505129435084,1.4573248310812883,0.6444389635336737,0.6121570957366167,0.6093302604930512,0.00045
final,31415,17,0.20144100557742434,1.4991510872329985,0.6268796796243796,0.604988494208367,0.6016481597876947,0.00045
final,31415,18,0.19267936723089368,1.5497067389743668,0.6314358510514126,0.5949269313940682,0.5898456596131014,0.00045
final,31415,19,0.18579766683115945,1.5600250302148717,0.6267127895218015,0.6000467260889233,0.5980864585515748,0.000225
final,31415,20,0.162136873870806,1.6808136345020361,0.6395821073401347,0.6043633112660445,0.599483204134367,0.000225
final,31415,21,0.15596595131542404,1.4800716526806355,0.6543135905942941,0.6172347092008891,0.6195265032474335,0.000225
final,31415,22,0.15312481633966277,1.5516760194940227,0.6567989373508939,0.6177091523792098,0.6161743138487324,0.000225
final,31415,23,0.15056530557784373,1.5028270669281483,0.6605872514290204,0.6262393275305147,0.6251833228577415,0.000225
final,31415,24,0.148063992264707,1.5366018201623644,0.6520585873057476,0.6185186611177007,0.616802849360989,0.000225
final,31415,25,0.14395500334091366,1.5077091913138116,0.6543802230057589,0.622085609589133,0.6204343878762484,0.000225
final,31415,26,0.14128062566184096,1.5297594352492265,0.6491752318407595,0.6201955195703248,0.6187582931768978,0.0001125
final,31415,27,0.13149747442841905,1.5742187744804792,0.6595641775207539,0.6236124641680307,0.6224596689712969,0.0001125
final,31415,28,0.13099173195542596,1.6028296303536211,0.6612361692856903,0.6255277805054777,0.6229485299252742,0.0001125
final,31415,29,0.1278563535739947,1.5866785155875343,0.6588274139889484,0.6215888836532749,0.6218311334590404,0.0001125
final,31415,30,0.1267178562772387,1.593049808804478,0.6597611900652693,0.6198471785495874,0.6179900831063622,0.0001125
final,31415,31,0.12535324123943642,1.5841958200825113,0.6626898469356077,0.6284608330937274,0.6265800684405336,0.0001125
final,31415,32,0.12542899394825055,1.6226279538656985,0.6501651514391541,0.6152066544732592,0.614498219149382,0.0001125
final,42,1,0.6908000534641254,0.6889119212116513,0.5350617178418501,0.513015043716592,0.5425658216355891,0.00045
final,42,2,0.6757061663862283,0.7253142222762108,0.5491619936652996,0.5323580079108793,0.539562818632586,0.00045
final,42,3,0.6309203349453417,0.8285111987165042,0.5374695213871692,0.5322503913170128,0.5249668272924087,0.00045
final,42,4,0.5666875073022271,0.8342982557203088,0.5789741155795939,0.5513367358544816,0.5476639430127802,0.00045
final,42,5,0.4984668889068279,0.9269252493977547,0.6122370232323896,0.5838587001187079,0.5804176269292548,0.00045
final,42,6,0.44393592612224425,1.0717370196112566,0.6228327050204043,0.5821178192121288,0.5767162511348558,0.00045
final,42,7,0.3912807847799187,1.1962169339614255,0.6237249376377145,0.5921963663739824,0.5859347719812836,0.00045
final,42,8,0.3473509879142328,1.212878036445805,0.6311499527735057,0.594477273000221,0.5937565472449193,0.00045
final,42,9,0.31452357726706315,1.137023005102362,0.6540892912383687,0.6164170467981474,0.6120539143794957,0.00045
final,42,10,0.28628778758485235,1.34886507583516,0.6367653744747411,0.5872752031822486,0.585864934702144,0.00045
final,42,11,0.2624329841851436,1.419555135603462,0.6442132022090681,0.609390236608151,0.6010894615545779,0.00045
final,42,12,0.24655520953590562,1.331510545419795,0.6461275275476109,0.5995818789197931,0.5957818283399678,0.000225
final,42,13,0.21426218569466746,1.4371169049824988,0.6564559045520092,0.6128781504640113,0.6113555415880997,0.000225
final,42,14,0.20174279879508333,1.4448957672076566,0.6635125820753142,0.6174777590410302,0.615196591940778,0.000225
final,42,15,0.19382268707458905,1.5654539210455758,0.6521748187217707,0.6099757109112158,0.6056288846986522,0.000225
final,42,16,0.1878874758816668,1.5437059987868582,0.6523220752718026,0.6134496722874554,0.609888958726168,0.000225
final,42,17,0.18184270439463834,1.4789789159383093,0.660517469407177,0.6111934327032464,0.609888958726168,0.0001125
final,42,18,0.168112468902809,1.4920754858425684,0.6601330305154662,0.6193442711354162,0.6183392695020602,0.0001125
final,42,19,0.16251072762328367,1.525726820741381,0.6626233518903275,0.6222389102512931,0.6209232488302255,0.0001125
final,42,20,0.16036796750800467,1.51765233704022,0.6566693519793407,0.6120471537294802,0.6107270060758433,5.625e-05
final,777,1,0.6902936589830682,0.6906185831342425,0.5272788637948342,0.5018452007120121,0.5304839723444374,0.00045
final,777,2,0.67443823682773,0.7115284129977226,0.531489343406121,0.512433307736126,0.5368391647461415,0.00045
final,777,3,0.6346354078419201,0.7693225565765586,0.5571583932583501,0.5317728573995356,0.5405405405405406,0.00045
final,777,4,0.5653724713656428,0.8784861660429409,0.5861666678833386,0.5669475294927161,0.562190097073818,0.00045
final,777,5,0.49355903493493136,0.9377341563148158,0.6222484375773911,0.5871197537204846,0.5904741951253579,0.00045
final,777,6,0.4308803458507129,1.0572150722146034,0.6393674236171405,0.6026798592365532,0.5964103638522243,0.00045
final,777,7,0.38503329244321827,1.1381688618234225,0.6417521790790358,0.6079236661606096,0.6019973461833927,0.00045
final,777,8,0.34420600110424054,1.2404308808701379,0.6427092092880577,0.6062327080503099,0.6031147426496264,0.00045
final,777,9,0.3145652665794836,1.3123240454920702,0.6257585753195667,0.5931549370466475,0.5936168726866401,0.00045
final,777,10,0.2863894193330398,1.3388473960970129,0.6342361686577307,0.596509507584615,0.5958516656191075,0.00045
final,777,11,0.267125244678383,1.3594087005725928,0.6401652562299294,0.6128368817373698,0.6080033521893987,0.000225
final,777,12,0.22901789294056335,1.4613291235374553,0.6438709936072917,0.6052248916004188,0.599832390530065,0.000225
final,777,13,0.21578581029496358,1.4515878627342838,0.6466757952383542,0.607136028081102,0.6032544172079056,0.000225
final,777,14,0.21033083494717392,1.5199112679277147,0.6496665514360614,0.6077579731062128,0.601229136112857,0.000225
final,777,15,0.20151209492788705,1.507685304752418,0.6337622651322785,0.5993385347235419,0.5927788253369649,0.000225
final,777,16,0.1935329766773651,1.4720898792147636,0.6470579872117577,0.6156141610721344,0.6107270060758433,0.000225
final,777,17,0.18728287440463195,1.5099059835608517,0.6463780049735979,0.6168542833641466,0.6096794468887492,0.0001125
final,777,18,0.17476527442221385,1.501846110182149,0.6521968365588091,0.6153464147543528,0.6090509113764928,0.0001125
final,777,19,0.1674246787789868,1.5736197898430484,0.6432649634358689,0.6073707476433261,0.6029750680913472,0.0001125
final,777,20,0.16767605977009523,1.5360479184559412,0.6460608068293129,0.6147901994486357,0.6094699350513304,0.0001125
final,777,21,0.16251268599781704,1.56121754859175,0.6519792387103247,0.6161208068089042,0.6091905859347719,5.625e-05
final,777,22,0.15565869245055347,1.574528985789844,0.6487131319953239,0.6134104346179741,0.6087017249807948,5.625e-05
final,777,23,0.15491475627907444,1.54096769541502,0.6528006590594059,0.6151331537525577,0.6111460297506809,5.625e-05
final,777,24,0.15317270061007057,1.5806882535772664,0.6454906782914567,0.6125666333926519,0.6077240030728402,5.625e-05
final,777,25,0.15214949192872934,1.5682644125606333,0.648986637880994,0.6136662300776841,0.6083525385850967,5.625e-05
final,777,26,0.1505932298603494,1.6051653213799,0.6434053909241455,0.6089728396439751,0.603184579928766,2.8125e-05
final,777,27,0.1475744172225615,1.603250929819686,0.6442838574873715,0.6127232602788565,0.6069557930023046,2.8125e-05
final,777,28,0.14384460122521367,1.6098292704139436,0.646500712224044,0.6149951596081249,0.6096096096096096,2.8125e-05
final,777,29,0.14446289052346528,1.6335468260305268,0.6436087517487696,0.6121608634948266,0.6063272574900482,1.40625e-05
